POS,PLAYER,Against,Venue,Match Date,BF,6s,4s,Runs,Season
1,Hardik Pandya,KKR,Eden Gardens,2019-04-28,17,9,6,91,2019
2,Rishabh Pant,MI,Wankhede Stadium,2019-03-24,18,7,7,78,2019
3,KL Rahul,CSK,IS Bindra Stadium,2019-05-05,19,5,7,71,2019
4,Andre Russell,RCB,Eden Gardens,2019-04-19,21,9,2,65,2019
5,Kieron Pollard,KXIP,Wankhede Stadium,2019-04-10,22,10,3,83,2019
6,Andre Russell,DC,Feroz Shah Kotla Ground,2019-03-30,23,6,4,62,2019
7,Sam Curran,KKR,IS Bindra Stadium,2019-05-03,23,2,7,55,2019
8,Moeen Ali,KKR,Eden Gardens,2019-04-19,24,6,5,66,2019
9,David Warner,CSK,Rajiv Gandhi Intl. Cricket Stadium,2019-04-17,24,0,10,50,2019
10,Manish Pandey,CSK,Chidambaram,2019-04-23,25,3,7,83,2019
11,Chris Gayle,DC,Feroz Shah Kotla Ground,2019-04-20,25,5,6,69,2019
12,Shikhar Dhawan,RR,Sawai Mansingh Stadium,2019-04-22,25,2,8,54,2019
13,Rishabh Pant,RR,Sawai Mansingh Stadium,2019-04-22,26,4,6,78,2019
14,David Warner,RR,Rajiv Gandhi Intl. Cricket Stadium,2019-03-29,26,2,9,69,2019
15,Manish Pandey,RR,Sawai Mansingh Stadium,2019-04-27,27,0,9,61,2019
16,Chris Lynn,MI,Eden Gardens,2019-04-28,27,2,8,54,2019
17,Jonny Bairstow,RCB,Rajiv Gandhi Intl. Cricket Stadium,2019-03-31,28,7,12,114,2019
18,Chris Gayle,RCB,IS Bindra Stadium,2019-04-13,28,5,10,99,2019
19,Jonny Bairstow,KKR,Rajiv Gandhi Intl. Cricket Stadium,2019-04-21,28,4,7,80,2019
20,David Warner,KKR,Rajiv Gandhi Intl. Cricket Stadium,2019-04-21,28,5,3,67,2019
21,AB de Villiers,KKR,M. Chinnaswamy Stadium,2019-04-05,28,4,5,63,2019
22,Nitish Rana,KXIP,Eden Gardens,2019-03-27,28,7,2,63,2019
23,Mayank Agarwal,KKR,Eden Gardens,2019-03-27,28,1,6,58,2019
24,Jos Buttler,MI,Wankhede Stadium,2019-04-13,29,7,8,89,2019
25,Jos Buttler,KXIP,Sawai Mansingh Stadium,2019-03-25,29,2,10,69,2019
26,Parthiv Patel,RR,Sawai Mansingh Stadium,2019-04-02,29,1,9,67,2019
27,Prithvi Shaw,KKR,Feroz Shah Kotla Ground,2019-03-30,30,3,12,99,2019
28,Andre Russell,MI,Eden Gardens,2019-04-28,30,8,6,80,2019
29,David Warner,KKR,Eden Gardens,2019-03-24,31,3,9,85,2019
30,Virat Kohli,KKR,M. Chinnaswamy Stadium,2019-04-05,31,2,9,84,2019
31,AB de Villiers,MI,M. Chinnaswamy Stadium,2019-03-28,31,6,4,70,2019
32,Chris Gayle,MI,Wankhede Stadium,2019-04-10,31,7,3,63,2019
33,Prithvi Shaw,SRH,ACA-VDCA Stadium,2019-05-08,31,2,6,56,2019
34,Shane Watson,DC,ACA-VDCA Stadium,2019-05-10,31,4,3,50,2019
35,Chris Lynn,RR,Sawai Mansingh Stadium,2019-04-07,31,3,6,50,2019
36,Moeen Ali,MI,Wankhede Stadium,2019-04-15,31,5,1,50,2019
37,Steve Smith,DC,Sawai Mansingh Stadium,2019-04-22,31,0,8,50,2019
38,Ajinkya Rahane,DC,Sawai Mansingh Stadium,2019-04-22,32,3,11,105,2019
39,David Warner,RCB,Rajiv Gandhi Intl. Cricket Stadium,2019-03-31,32,5,5,100,2019
40,Shikhar Dhawan,KKR,Eden Gardens,2019-04-12,32,2,11,97,2019
41,Shubman Gill,MI,Eden Gardens,2019-04-28,32,4,6,76,2019
42,Shimron Hetmyer,SRH,M. Chinnaswamy Stadium,2019-05-04,32,6,4,75,2019
43,Nitish Rana,RCB,Eden Gardens,2019-04-19,33,5,9,85,2019
44,Chris Gayle,RR,Sawai Mansingh Stadium,2019-03-25,33,4,8,79,2019
45,Faf du Plessis,KXIP,Chidambaram,2019-04-06,33,4,2,54,2019
46,Yuvraj Singh,DC,Wankhede Stadium,2019-03-24,33,3,5,53,2019
47,Sanju Samson,SRH,Rajiv Gandhi Intl. Cricket Stadium,2019-03-29,34,4,10,102,2019
48,Quinton de Kock,RR,Wankhede Stadium,2019-04-13,34,4,6,81,2019
49,KL Rahul,SRH,IS Bindra Stadium,2019-04-08,34,1,7,71,2019
50,Quinton de Kock,RR,Sawai Mansingh Stadium,2019-04-20,34,2,6,65,2019
51,Shubman Gill,DC,Eden Gardens,2019-04-12,34,2,7,65,2019
52,Suresh Raina,DC,Chidambaram,2019-05-01,34,1,8,59,2019
53,Suresh Raina,KXIP,IS Bindra Stadium,2019-05-05,34,2,5,53,2019
54,Shreyas Iyer,RCB,Feroz Shah Kotla Ground,2019-04-28,34,3,2,52,2019
55,Dinesh Karthik,RR,Eden Gardens,2019-04-25,35,9,7,97,2019
56,Shane Watson,SRH,Chidambaram,2019-04-23,35,6,9,96,2019
57,MS Dhoni,RCB,M. Chinnaswamy Stadium,2019-04-21,35,7,5,84,2019
58,AB de Villiers,KXIP,M. Chinnaswamy Stadium,2019-04-24,35,7,3,82,2019
59,Nitish Rana,SRH,Eden Gardens,2019-03-24,35,3,8,68,2019
60,Quinton de Kock,KXIP,IS Bindra Stadium,2019-03-30,35,2,6,60,2019
61,AB de Villiers,KXIP,IS Bindra Stadium,2019-04-13,35,2,5,59,2019
62,Dinesh Karthik,DC,Feroz Shah Kotla Ground,2019-03-30,35,2,5,50,2019
63,Chris Lynn,CSK,Eden Gardens,2019-04-14,36,6,7,82,2019
64,Shubman Gill,KXIP,IS Bindra Stadium,2019-05-03,36,2,5,65,2019
65,David Miller,KKR,Eden Gardens,2019-03-27,36,3,5,59,2019
66,Suresh Raina,KKR,Eden Gardens,2019-04-14,36,1,7,58,2019
67,Shikhar Dhawan,KXIP,Feroz Shah Kotla Ground,2019-04-20,36,1,7,56,2019
68,Parthiv Patel,CSK,M. Chinnaswamy Stadium,2019-04-21,36,4,2,53,2019
69,Shikhar Dhawan,RCB,Feroz Shah Kotla Ground,2019-04-28,36,2,5,50,2019
70,Faf du Plessis,KXIP,IS Bindra Stadium,2019-05-05,37,4,10,96,2019
71,Suryakumar Yadav,CSK,Chidambaram,2019-05-07,37,0,10,71,2019
72,Manish Pandey,MI,Wankhede Stadium,2019-05-02,37,2,8,71,2019
73,Shreyas Iyer,RCB,M. Chinnaswamy Stadium,2019-04-07,37,2,8,67,2019
74,Rohit Sharma,CSK,Chidambaram,2019-04-26,37,3,6,67,2019
75,Virat Kohli,KXIP,IS Bindra Stadium,2019-04-13,37,0,8,67,2019
76,Faf du Plessis,DC,ACA-VDCA Stadium,2019-05-10,37,1,7,50,2019
77,David Warner,KXIP,Rajiv Gandhi Intl. Cricket Stadium,2019-04-29,38,2,7,81,2019
78,KL Rahul,SRH,Rajiv Gandhi Intl. Cricket Stadium,2019-04-29,38,5,4,79,2019
79,Kane Williamson,RCB,M. Chinnaswamy Stadium,2019-05-04,38,4,5,70,2019
80,Ajinkya Rahane,SRH,Rajiv Gandhi Intl. Cricket Stadium,2019-03-29,38,3,4,70,2019
81,Jos Buttler,RCB,Sawai Mansingh Stadium,2019-04-02,38,1,8,59,2019
82,Suryakumar Yadav,CSK,Wankhede Stadium,2019-04-03,38,1,8,59,2019
83,Rishabh Pant,RR,Feroz Shah Kotla Ground,2019-05-04,38,5,2,53,2019
84,MS Dhoni,RR,Chidambaram,2019-03-31,39,4,4,75,2019
85,Gurkeerat Mann Singh,SRH,M. Chinnaswamy Stadium,2019-05-04,39,1,8,65,2019
86,Jonny Bairstow,CSK,Rajiv Gandhi Intl. Cricket Stadium,2019-04-17,39,3,3,61,2019
87,MS Dhoni,RR,Sawai Mansingh Stadium,2019-04-11,39,3,2,58,2019
88,David Warner,CSK,Chidambaram,2019-04-23,39,2,3,57,2019
89,Virat Kohli,KKR,Eden Gardens,2019-04-19,40,4,9,100,2019
90,Steve Smith,MI,Sawai Mansingh Stadium,2019-04-20,40,1,5,59,2019
91,Mayank Agarwal,SRH,IS Bindra Stadium,2019-04-08,40,3,3,55,2019
92,KL Rahul,MI,Wankhede Stadium,2019-04-10,41,6,6,100,2019
93,AB de Villiers,MI,Wankhede Stadium,2019-04-15,41,4,6,75,2019
94,Robin Uthappa,KXIP,Eden Gardens,2019-03-27,41,2,6,67,2019
95,Ambati Rayudu,RR,Sawai Mansingh Stadium,2019-04-11,41,3,2,57,2019
96,KL Rahul,CSK,Chidambaram,2019-04-06,41,1,3,55,2019
97,Sarfaraz Khan,CSK,Chidambaram,2019-04-06,42,2,4,67,2019
98,Shane Watson,MI,Rajiv Gandhi Intl. Cricket Stadium,2019-05-12,44,4,8,80,2019
99,Steve Smith,KKR,Sawai Mansingh Stadium,2019-04-07,44,1,7,73,2019
100,Rohit Sharma,KKR,Wankhede Stadium,2019-05-05,44,0,8,55,2019
1,KL Rahul,DC,IS Bindra Stadium,2018-04-08,14,4,6,51,2018
2,Ishan Kishan,KKR,Eden Gardens,2018-05-09,17,6,5,62,2018
3,Sunil Narine,RCB,Eden Gardens,2018-04-08,17,5,4,50,2018
4,Jos Buttler,DC,Feroz Shah Kotla Ground,2018-05-02,18,7,4,67,2018
5,Sam Billings,KKR,Chidambaram,2018-04-10,21,5,2,56,2018
6,KL Rahul,KKR,Holkar Cricket Stadium,2018-05-12,22,7,2,66,2018
7,Chris Gayle,CSK,IS Bindra Stadium,2018-04-15,22,4,7,63,2018
8,MS Dhoni,DC,Maharashtra Cricket Association's International Stadium,2018-04-30,22,5,2,51,2018
9,Kieron Pollard,KXIP,Wankhede Stadium,2018-05-16,22,3,5,50,2018
10,Dinesh Karthik,KXIP,Holkar Cricket Stadium,2018-05-12,22,3,5,50,2018
11,Rishabh Pant,RR,Feroz Shah Kotla Ground,2018-05-02,23,5,7,69,2018
12,AB de Villiers,CSK,M. Chinnaswamy Stadium,2018-04-25,23,8,2,68,2018
13,AB de Villiers,DC,M. Chinnaswamy Stadium,2018-04-21,24,5,10,90,2018
14,KL Rahul,KKR,Eden Gardens,2018-04-21,24,2,9,60,2018
15,Shane Watson,DC,Maharashtra Cricket Association's International Stadium,2018-04-30,25,7,4,78,2018
16,Dwayne Bravo,MI,Wankhede Stadium,2018-04-07,25,7,3,68,2018
17,Moeen Ali,SRH,M. Chinnaswamy Stadium,2018-05-17,25,6,2,65,2018
18,Prithvi Shaw,SRH,Rajiv Gandhi Intl. Cricket Stadium,2018-05-05,25,3,6,65,2018
19,Karun Nair,CSK,Maharashtra Cricket Association's International Stadium,2018-05-20,25,5,3,54,2018
20,Jos Buttler,CSK,Sawai Mansingh Stadium,2018-05-11,26,2,11,95,2018
21,Andre Russell,CSK,Chidambaram,2018-04-10,26,11,1,88,2018
22,Sunil Narine,KXIP,Holkar Cricket Stadium,2018-05-12,26,4,9,75,2018
23,Virat Kohli,DC,Feroz Shah Kotla Ground,2018-05-12,26,3,7,70,2018
24,Virat Kohli,RR,M. Chinnaswamy Stadium,2018-04-15,26,2,7,57,2018
25,Jason Roy,MI,Wankhede Stadium,2018-04-14,27,6,6,91,2018
26,Jos Buttler,KXIP,Sawai Mansingh Stadium,2018-05-08,27,1,9,82,2018
27,Ambati Rayudu,SRH,Rajiv Gandhi Intl. Cricket Stadium,2018-04-22,27,4,9,79,2018
28,Rishabh Pant,RCB,Feroz Shah Kotla Ground,2018-05-12,27,4,5,61,2018
29,Shane Watson,RR,Maharashtra Cricket Association's International Stadium,2018-04-20,28,6,9,106,2018
30,Kane Williamson,RCB,M. Chinnaswamy Stadium,2018-05-17,28,5,7,81,2018
31,AB de Villiers,DC,Feroz Shah Kotla Ground,2018-05-12,28,6,4,72,2018
32,Chris Gayle,KKR,Eden Gardens,2018-04-21,28,6,5,62,2018
33,Vijay Shankar,CSK,Maharashtra Cricket Association's International Stadium,2018-04-30,28,5,1,54,2018
34,Ambati Rayudu,DC,Feroz Shah Kotla Ground,2018-05-18,28,4,4,50,2018
35,Shreyas Iyer,KKR,Feroz Shah Kotla Ground,2018-04-27,29,10,3,93,2018
36,Suryakumar Yadav,RR,Sawai Mansingh Stadium,2018-04-22,29,3,6,72,2018
37,MS Dhoni,RCB,M. Chinnaswamy Stadium,2018-04-25,29,7,1,70,2018
38,Suryakumar Yadav,DC,Wankhede Stadium,2018-04-14,29,1,7,53,2018
39,Shreyas Iyer,RCB,M. Chinnaswamy Stadium,2018-04-21,29,3,4,52,2018
40,Shikhar Dhawan,DC,Feroz Shah Kotla Ground,2018-05-10,30,4,9,92,2018
41,Chris Lynn,KXIP,Eden Gardens,2018-04-21,30,4,6,74,2018
42,Manish Pandey,RCB,M. Chinnaswamy Stadium,2018-05-17,30,2,7,62,2018
43,Nitish Rana,DC,Eden Gardens,2018-04-16,30,4,5,59,2018
44,Ambati Rayudu,SRH,Maharashtra Cricket Association's International Stadium,2018-05-13,31,7,7,100,2018
45,Suryakumar Yadav,KKR,Wankhede Stadium,2018-05-06,31,2,7,59,2018
46,Shane Watson,SRH,Maharashtra Cricket Association's International Stadium,2018-05-13,31,3,5,57,2018
47,Rohit Sharma,CSK,Maharashtra Cricket Association's International Stadium,2018-04-28,31,2,6,56,2018
48,AB de Villiers,RR,Sawai Mansingh Stadium,2018-05-19,31,0,7,53,2018
49,Karun Nair,DC,IS Bindra Stadium,2018-04-08,31,2,5,50,2018
50,Rohit Sharma,RCB,Wankhede Stadium,2018-04-17,32,5,10,94,2018
51,AB de Villiers,SRH,M. Chinnaswamy Stadium,2018-05-17,32,1,12,69,2018
52,Evin Lewis,RCB,Wankhede Stadium,2018-04-17,32,5,6,65,2018
53,Kane Williamson,RR,Sawai Mansingh Stadium,2018-04-29,32,2,7,63,2018
54,Shubman Gill,CSK,Eden Gardens,2018-05-03,32,2,6,57,2018
55,Robin Uthappa,MI,Wankhede Stadium,2018-05-06,32,3,6,54,2018
56,Suresh Raina,RR,Sawai Mansingh Stadium,2018-05-11,32,1,6,52,2018
57,Shane Watson,SRH,Wankhede Stadium,2018-05-27,33,8,11,117,2018
58,Shikhar Dhawan,RR,Rajiv Gandhi Intl. Cricket Stadium,2018-04-09,33,1,13,78,2018
59,Sanju Samson,RCB,M. Chinnaswamy Stadium,2018-04-15,34,10,2,92,2018
60,Rishabh Pant,RCB,M. Chinnaswamy Stadium,2018-04-21,34,7,6,85,2018
61,MS Dhoni,KXIP,IS Bindra Stadium,2018-04-15,34,5,6,79,2018
62,Rishabh Pant,CSK,Maharashtra Cricket Association's International Stadium,2018-04-30,34,4,7,79,2018
63,Rishabh Pant,MI,Feroz Shah Kotla Ground,2018-05-20,34,4,4,64,2018
64,Suryakumar Yadav,KXIP,Holkar Cricket Stadium,2018-05-04,34,3,6,57,2018
65,Shreyas Iyer,RR,Feroz Shah Kotla Ground,2018-05-02,34,3,3,50,2018
66,Jos Buttler,MI,Wankhede Stadium,2018-05-13,35,5,9,94,2018
67,Kane Williamson,CSK,Rajiv Gandhi Intl. Cricket Stadium,2018-04-22,35,5,6,84,2018
68,Suresh Raina,MI,Maharashtra Cricket Association's International Stadium,2018-04-28,35,4,6,75,2018
69,Ishan Kishan,RR,Sawai Mansingh Stadium,2018-04-22,35,3,4,58,2018
70,Kane Williamson,RCB,Rajiv Gandhi Intl. Cricket Stadium,2018-05-07,35,2,5,56,2018
71,Quinton de Kock,CSK,M. Chinnaswamy Stadium,2018-04-25,35,4,1,53,2018
72,Dinesh Karthik,RR,Eden Gardens,2018-05-23,35,2,4,52,2018
73,Rishabh Pant,SRH,Feroz Shah Kotla Ground,2018-05-10,36,7,15,128,2018
74,KL Rahul,MI,Wankhede Stadium,2018-05-16,36,3,10,94,2018
75,AB de Villiers,KXIP,M. Chinnaswamy Stadium,2018-04-13,36,4,2,57,2018
76,Gautam Gambhir,KXIP,IS Bindra Stadium,2018-04-08,36,1,5,55,2018
77,Chris Lynn,SRH,Rajiv Gandhi Intl. Cricket Stadium,2018-05-19,36,3,4,55,2018
78,Sanju Samson,MI,Sawai Mansingh Stadium,2018-04-22,36,0,4,52,2018
79,Virat Kohli,KKR,M. Chinnaswamy Stadium,2018-04-29,37,3,5,68,2018
80,Faf du Plessis,SRH,Wankhede Stadium,2018-05-22,37,4,5,67,2018
81,Evin Lewis,RR,Wankhede Stadium,2018-05-13,37,4,4,60,2018
82,Manish Pandey,KXIP,IS Bindra Stadium,2018-04-19,37,1,3,57,2018
83,Parthiv Patel,CSK,Maharashtra Cricket Association's International Stadium,2018-05-05,37,2,5,53,2018
84,Jos Buttler,KXIP,Holkar Cricket Stadium,2018-05-06,37,0,7,51,2018
85,Kane Williamson,CSK,Maharashtra Cricket Association's International Stadium,2018-05-13,37,2,5,51,2018
86,Sanju Samson,KKR,Eden Gardens,2018-05-23,37,2,4,50,2018
87,Kane Williamson,DC,Feroz Shah Kotla Ground,2018-05-10,38,2,8,83,2018
88,Rahul Tripathi,RCB,Sawai Mansingh Stadium,2018-05-19,38,3,5,80,2018
89,Shikhar Dhawan,CSK,Maharashtra Cricket Association's International Stadium,2018-05-13,38,3,10,79,2018
90,Prithvi Shaw,KKR,Feroz Shah Kotla Ground,2018-04-27,38,2,7,62,2018
91,Chris Gayle,MI,Holkar Cricket Stadium,2018-05-04,38,2,6,50,2018
92,Shikhar Dhawan,KKR,Rajiv Gandhi Intl. Cricket Stadium,2018-05-19,38,1,5,50,2018
93,Chris Gayle,SRH,IS Bindra Stadium,2018-04-19,39,11,1,104,2018
94,Kane Williamson,KXIP,IS Bindra Stadium,2018-04-19,39,2,3,54,2018
95,Suresh Raina,SRH,Rajiv Gandhi Intl. Cricket Stadium,2018-04-22,39,2,5,54,2018
96,Ambati Rayudu,RCB,M. Chinnaswamy Stadium,2018-04-25,40,8,3,82,2018
97,Virat Kohli,MI,Wankhede Stadium,2018-04-17,41,4,7,92,2018
98,Shreyas Iyer,KXIP,Feroz Shah Kotla Ground,2018-04-23,41,1,5,57,2018
99,Hardik Pandya,RCB,M. Chinnaswamy Stadium,2018-05-01,41,1,5,50,2018
100,Ajinkya Rahane,SRH,Sawai Mansingh Stadium,2018-04-29,42,1,5,65,2018
1,Sunil Narine,RCB,M. Chinnaswamy Stadium,2017-05-07,15,4,6,54,2017
2,Chris Lynn,GL,Saurashtra Cricket Association Stadium,2017-04-07,19,8,6,93,2017
3,David Warner,KKR,Rajiv Gandhi Intl. Cricket Stadium,2017-04-30,20,8,10,126,2017
4,Chris Lynn,RCB,M. Chinnaswamy Stadium,2017-05-07,21,4,5,50,2017
5,Aaron Finch,RCB,M. Chinnaswamy Stadium,2017-04-27,22,6,5,72,2017
6,Rahul Tripathi,KKR,Eden Gardens,2017-05-03,23,7,9,93,2017
7,Chris Gayle,GL,Saurashtra Cricket Association Stadium,2017-04-18,23,7,5,77,2017
8,Yuvraj Singh,RCB,Rajiv Gandhi Intl. Cricket Stadium,2017-04-05,23,3,7,62,2017
9,Jos Buttler,KXIP,Holkar Cricket Stadium,2017-04-20,24,5,7,77,2017
10,Sanju Samson,GL,Feroz Shah Kotla Ground,2017-05-04,24,7,0,61,2017
11,Robin Uthappa,DC,Eden Gardens,2017-04-28,24,4,5,59,2017
12,Kieron Pollard,KXIP,Wankhede Stadium,2017-05-11,24,5,1,50,2017
13,Robin Uthappa,SRH,Rajiv Gandhi Intl. Cricket Stadium,2017-04-30,25,4,4,53,2017
14,David Warner,KXIP,IS Bindra Stadium,2017-04-28,25,4,4,51,2017
15,Robin Uthappa,RPS,Maharashtra Cricket Association's International Stadium,2017-04-26,26,6,7,87,2017
16,Kedar Jadhav,DC,M. Chinnaswamy Stadium,2017-04-08,26,5,5,69,2017
17,Moises Henriques,RPS,Maharashtra Cricket Association's International Stadium,2017-04-22,26,2,6,55,2017
18,Kane Williamson,KXIP,IS Bindra Stadium,2017-04-28,26,2,4,54,2017
19,Rishabh Pant,GL,Feroz Shah Kotla Ground,2017-05-04,27,9,6,97,2017
20,Robin Uthappa,SRH,Eden Gardens,2017-04-15,27,4,5,68,2017
21,Ishan Kishan,SRH,Green Park,2017-05-13,27,4,5,61,2017
22,Ajinkya Rahane,MI,Maharashtra Cricket Association's International Stadium,2017-04-06,27,3,6,60,2017
23,Lendl Simmons,KXIP,Wankhede Stadium,2017-05-11,27,4,5,59,2017
24,Martin Guptill,DC,IS Bindra Stadium,2017-04-30,27,3,6,50,2017
25,Dwayne Smith,KXIP,IS Bindra Stadium,2017-05-07,28,4,8,74,2017
26,Dinesh Karthik,DC,Feroz Shah Kotla Ground,2017-05-04,28,5,5,65,2017
27,Nitish Rana,KKR,Wankhede Stadium,2017-04-09,28,3,5,50,2017
28,Chris Lynn,KXIP,IS Bindra Stadium,2017-05-09,29,3,8,84,2017
29,Kieron Pollard,DC,Feroz Shah Kotla Ground,2017-05-06,29,4,5,63,2017
30,Nitish Rana,KXIP,Holkar Cricket Stadium,2017-04-20,29,7,0,62,2017
31,MS Dhoni,SRH,Maharashtra Cricket Association's International Stadium,2017-04-22,29,3,5,61,2017
32,Brendon McCullum,RCB,Saurashtra Cricket Association Stadium,2017-04-18,30,7,2,72,2017
33,Hashim Amla,GL,Saurashtra Cricket Association Stadium,2017-04-23,30,2,9,65,2017
34,Ben Stokes,KXIP,Holkar Cricket Stadium,2017-04-08,30,3,2,50,2017
35,Wriddhiman Saha,MI,Wankhede Stadium,2017-05-11,31,3,11,93,2017
36,Shikhar Dhawan,KXIP,IS Bindra Stadium,2017-04-28,31,1,9,77,2017
37,David Warner,GL,Rajiv Gandhi Intl. Cricket Stadium,2017-04-09,31,4,6,76,2017
38,Dwayne Smith,SRH,Green Park,2017-05-13,31,2,7,54,2017
39,Shreyas Iyer,SRH,Rajiv Gandhi Intl. Cricket Stadium,2017-04-19,31,2,5,50,2017
40,Suresh Raina,KKR,Eden Gardens,2017-04-21,32,4,9,84,2017
41,Suresh Raina,DC,Feroz Shah Kotla Ground,2017-05-04,32,4,5,77,2017
42,Parthiv Patel,GL,Saurashtra Cricket Association Stadium,2017-04-29,32,1,9,70,2017
43,Aaron Finch,DC,Green Park,2017-05-10,32,4,6,69,2017
44,Ambati Rayudu,KKR,Eden Gardens,2017-05-13,32,3,6,63,2017
45,Sanju Samson,KKR,Eden Gardens,2017-04-28,32,3,4,60,2017
46,Rahul Tripathi,SRH,Maharashtra Cricket Association's International Stadium,2017-04-22,32,3,6,59,2017
47,Hashim Amla,RCB,Holkar Cricket Stadium,2017-04-10,32,3,4,58,2017
48,Nitish Rana,GL,Wankhede Stadium,2017-04-16,32,2,4,53,2017
49,Shreyas Iyer,GL,Green Park,2017-05-10,33,2,15,96,2017
50,Kane Williamson,DC,Rajiv Gandhi Intl. Cricket Stadium,2017-04-19,33,5,6,89,2017
51,Gautam Gambhir,GL,Saurashtra Cricket Association Stadium,2017-04-07,33,0,12,76,2017
52,Rohit Sharma,RPS,Wankhede Stadium,2017-04-24,33,3,6,58,2017
53,Rishabh Pant,RCB,M. Chinnaswamy Stadium,2017-04-08,33,4,3,57,2017
54,Hashim Amla,MI,Holkar Cricket Stadium,2017-04-20,34,6,8,104,2017
55,AB de Villiers,KXIP,Holkar Cricket Stadium,2017-04-10,34,9,3,89,2017
56,Gautam Gambhir,KXIP,Eden Gardens,2017-04-13,34,0,11,72,2017
57,Yuvraj Singh,DC,Feroz Shah Kotla Ground,2017-05-02,34,1,11,70,2017
58,Rohit Sharma,SRH,Rajiv Gandhi Intl. Cricket Stadium,2017-05-08,34,2,6,67,2017
59,Yusuf Pathan,DC,Feroz Shah Kotla Ground,2017-04-17,34,2,6,59,2017
60,Rohit Sharma,RCB,Wankhede Stadium,2017-05-01,34,1,6,56,2017
61,Moises Henriques,RCB,Rajiv Gandhi Intl. Cricket Stadium,2017-04-05,34,2,3,52,2017
62,Hashim Amla,GL,IS Bindra Stadium,2017-05-07,35,5,8,104,2017
63,Manan Vohra,SRH,Rajiv Gandhi Intl. Cricket Stadium,2017-04-17,35,5,9,95,2017
64,Robin Uthappa,GL,Eden Gardens,2017-04-21,35,2,8,72,2017
65,Vijay Shankar,GL,Green Park,2017-05-13,35,0,9,63,2017
66,Gautam Gambhir,RPS,Maharashtra Cricket Association's International Stadium,2017-04-26,35,1,6,62,2017
67,Dinesh Karthik,KXIP,Saurashtra Cricket Association Stadium,2017-04-23,35,0,6,58,2017
68,Steve Smith,KKR,Maharashtra Cricket Association's International Stadium,2017-04-26,35,1,4,51,2017
69,Shaun Marsh,SRH,IS Bindra Stadium,2017-04-28,36,2,14,84,2017
70,Brendon McCullum,MI,Wankhede Stadium,2017-04-16,36,3,6,64,2017
71,Shikhar Dhawan,MI,Rajiv Gandhi Intl. Cricket Stadium,2017-05-08,36,2,4,62,2017
72,Sam Billings,KXIP,Feroz Shah Kotla Ground,2017-04-15,36,0,9,55,2017
73,Steve Smith,MI,Maharashtra Cricket Association's International Stadium,2017-04-06,37,3,7,84,2017
74,Manish Pandey,MI,Wankhede Stadium,2017-04-09,37,5,5,81,2017
75,Manish Pandey,DC,Feroz Shah Kotla Ground,2017-04-17,37,3,4,69,2017
76,Lendl Simmons,DC,Feroz Shah Kotla Ground,2017-05-06,37,4,5,66,2017
77,Karun Nair,RPS,Feroz Shah Kotla Ground,2017-05-12,37,0,9,64,2017
78,Shaun Marsh,GL,IS Bindra Stadium,2017-05-07,37,0,6,58,2017
79,Parthiv Patel,RPS,Wankhede Stadium,2017-05-16,37,3,3,52,2017
80,Ben Stokes,GL,Maharashtra Cricket Association's International Stadium,2017-05-01,38,6,7,103,2017
81,Moises Henriques,GL,Rajiv Gandhi Intl. Cricket Stadium,2017-04-09,38,0,6,52,2017
82,Gautam Gambhir,DC,Eden Gardens,2017-04-28,39,0,11,71,2017
83,Virat Kohli,MI,M. Chinnaswamy Stadium,2017-04-14,39,2,5,62,2017
84,Virat Kohli,DC,Feroz Shah Kotla Ground,2017-05-14,39,3,3,58,2017
85,Ajinkya Rahane,MI,Wankhede Stadium,2017-05-16,39,1,5,56,2017
86,Shikhar Dhawan,DC,Rajiv Gandhi Intl. Cricket Stadium,2017-04-19,40,1,7,70,2017
87,Manoj Tiwary,DC,Feroz Shah Kotla Ground,2017-05-12,40,3,5,60,2017
88,Chris Morris,MI,Wankhede Stadium,2017-04-22,40,1,5,52,2017
89,Sanju Samson,RPS,Maharashtra Cricket Association's International Stadium,2017-04-11,41,5,8,102,2017
90,Travis Head,KKR,M. Chinnaswamy Stadium,2017-05-07,41,5,3,75,2017
91,Kieron Pollard,RCB,M. Chinnaswamy Stadium,2017-04-14,41,5,3,70,2017
92,David Warner,GL,Green Park,2017-05-13,41,0,9,69,2017
93,Suresh Raina,KKR,Saurashtra Cricket Association Stadium,2017-04-07,41,0,7,68,2017
94,Mandeep Singh,KKR,M. Chinnaswamy Stadium,2017-05-07,41,1,4,52,2017
95,Virat Kohli,RPS,Maharashtra Cricket Association's International Stadium,2017-04-29,42,1,4,55,2017
96,Saurabh Tiwary,KKR,Eden Gardens,2017-05-13,42,0,9,52,2017
97,Virat Kohli,GL,Saurashtra Cricket Association Stadium,2017-04-18,43,1,7,64,2017
98,David Warner,KXIP,Rajiv Gandhi Intl. Cricket Stadium,2017-04-17,45,2,7,70,2017
99,Manoj Tiwary,MI,Wankhede Stadium,2017-05-16,45,2,4,58,2017
100,Steve Smith,MI,Rajiv Gandhi Intl. Cricket Stadium,2017-05-21,49,2,2,51,2017
1,Chris Morris,GL,Feroz Shah Kotla Ground,2016-04-27,17,8,4,82,2016
2,Kieron Pollard,KKR,Wankhede Stadium,2016-04-28,17,6,2,51,2016
3,David Warner,RCB,M. Chinnaswamy Stadium,2016-04-12,21,5,4,58,2016
4,Quinton de Kock,RCB,M. Chinnaswamy Stadium,2016-04-17,22,3,15,108,2016
5,Krunal Pandya,DC,ACA-VDCA Stadium,2016-05-15,22,6,7,86,2016
6,David Warner,KXIP,Rajiv Gandhi Intl. Cricket Stadium,2016-04-23,23,3,7,59,2016
7,David Warner,RCB,M. Chinnaswamy Stadium,2016-05-29,24,3,8,69,2016
8,Robin Uthappa,KXIP,IS Bindra Stadium,2016-04-19,24,0,9,53,2016
9,AB de Villiers,GL,M. Chinnaswamy Stadium,2016-05-14,25,12,10,129,2016
10,AB de Villiers,RPS,Maharashtra Cricket Association's International Stadium,2016-04-22,25,4,6,83,2016
11,Chris Gayle,SRH,M. Chinnaswamy Stadium,2016-05-29,25,8,4,76,2016
12,Rishabh Pant,GL,Saurashtra Cricket Association Stadium,2016-05-03,25,2,9,69,2016
13,AB de Villiers,DC,M. Chinnaswamy Stadium,2016-04-17,25,1,9,55,2016
14,AB de Villiers,SRH,M. Chinnaswamy Stadium,2016-04-12,26,6,7,82,2016
15,Chris Gayle,KXIP,M. Chinnaswamy Stadium,2016-05-18,26,8,4,73,2016
16,Dwayne Smith,DC,Feroz Shah Kotla Ground,2016-04-27,26,3,5,53,2016
17,Manish Pandey,MI,Eden Gardens,2016-04-13,26,3,3,52,2016
18,KL Rahul,SRH,Rajiv Gandhi Intl. Cricket Stadium,2016-04-30,26,1,6,51,2016
19,Yusuf Pathan,RCB,M. Chinnaswamy Stadium,2016-05-02,27,3,6,60,2016
20,Brendon McCullum,DC,Feroz Shah Kotla Ground,2016-04-27,27,3,6,60,2016
21,Quinton de Kock,KXIP,IS Bindra Stadium,2016-05-07,27,2,6,52,2016
22,Dinesh Karthik,KKR,Eden Gardens,2016-05-08,27,1,8,51,2016
23,Virat Kohli,KXIP,M. Chinnaswamy Stadium,2016-05-18,28,8,12,113,2016
24,Nitish Rana,GL,Green Park,2016-05-21,28,4,7,70,2016
25,Dwayne Smith,RPS,Maharashtra Cricket Association's International Stadium,2016-04-29,28,1,9,63,2016
26,Shikhar Dhawan,KKR,Eden Gardens,2016-05-22,28,3,4,51,2016
27,Steve Smith,GL,Maharashtra Cricket Association's International Stadium,2016-04-29,29,5,8,101,2016
28,David Warner,GL,Saurashtra Cricket Association Stadium,2016-04-21,29,0,9,74,2016
29,Glenn Maxwell,KKR,Eden Gardens,2016-05-04,29,4,6,68,2016
30,AB de Villiers,KKR,Eden Gardens,2016-05-16,29,3,5,59,2016
31,Wriddhiman Saha,DC,IS Bindra Stadium,2016-05-07,29,0,7,52,2016
32,KL Rahul,KKR,M. Chinnaswamy Stadium,2016-05-02,29,2,6,52,2016
33,Gurkeerat Mann Singh,RPS,ACA-VDCA Stadium,2016-05-21,29,3,3,51,2016
34,Hashim Amla,SRH,IS Bindra Stadium,2016-05-15,30,2,14,96,2016
35,AB de Villiers,KXIP,IS Bindra Stadium,2016-05-09,30,2,5,64,2016
36,MS Dhoni,KXIP,ACA-VDCA Stadium,2016-05-21,30,5,4,64,2016
37,Suresh Raina,MI,Green Park,2016-05-21,30,2,8,58,2016
38,Yusuf Pathan,SRH,Eden Gardens,2016-05-22,30,2,3,52,2016
39,Virat Kohli,RPS,M. Chinnaswamy Stadium,2016-05-07,31,7,8,108,2016
40,Dwayne Smith,RCB,M. Chinnaswamy Stadium,2016-05-24,31,6,5,73,2016
41,Ambati Rayudu,KXIP,IS Bindra Stadium,2016-04-25,31,4,4,65,2016
42,Yusuf Pathan,GL,Eden Gardens,2016-05-08,31,1,7,63,2016
43,Manan Vohra,RPS,IS Bindra Stadium,2016-04-17,31,0,7,51,2016
44,Aaron Finch,SRH,Feroz Shah Kotla Ground,2016-05-27,31,2,7,50,2016
45,David Warner,RCB,Rajiv Gandhi Intl. Cricket Stadium,2016-04-30,32,5,9,92,2016
46,Aaron Finch,KXIP,IS Bindra Stadium,2016-04-11,32,0,12,74,2016
47,Ajinkya Rahane,MI,Wankhede Stadium,2016-04-09,32,3,7,66,2016
48,Virat Kohli,SRH,M. Chinnaswamy Stadium,2016-05-29,32,2,5,54,2016
49,Gautam Gambhir,RCB,Eden Gardens,2016-05-16,32,0,7,51,2016
50,AB de Villiers,GL,M. Chinnaswamy Stadium,2016-05-24,33,5,5,79,2016
51,Faf du Plessis,GL,Saurashtra Cricket Association Stadium,2016-04-14,33,4,5,69,2016
52,Glenn Maxwell,MI,IS Bindra Stadium,2016-04-25,33,1,5,56,2016
53,Sam Billings,KKR,Feroz Shah Kotla Ground,2016-04-30,33,2,3,54,2016
54,Suresh Raina,KKR,Green Park,2016-05-19,33,1,7,53,2016
55,Aaron Finch,RPS,Saurashtra Cricket Association Stadium,2016-04-14,33,2,7,50,2016
56,Suresh Raina,SRH,Saurashtra Cricket Association Stadium,2016-04-21,34,0,9,75,2016
57,Ajinkya Rahane,RCB,M. Chinnaswamy Stadium,2016-05-07,34,2,8,74,2016
58,KL Rahul,GL,Saurashtra Cricket Association Stadium,2016-04-24,34,3,4,51,2016
59,Manish Pandey,RCB,Eden Gardens,2016-05-16,34,2,5,50,2016
60,David Warner,GL,Feroz Shah Kotla Ground,2016-05-27,35,3,11,93,2016
61,Murali Vijay,RCB,IS Bindra Stadium,2016-05-09,36,1,12,89,2016
62,Virat Kohli,DC,M. Chinnaswamy Stadium,2016-04-17,36,3,7,79,2016
63,Rohit Sharma,KKR,Wankhede Stadium,2016-04-28,36,2,8,68,2016
64,Murali Vijay,RPS,ACA-VDCA Stadium,2016-05-21,36,3,4,59,2016
65,Murali Vijay,GL,Saurashtra Cricket Association Stadium,2016-05-01,36,0,6,55,2016
66,Karun Nair,RCB,M. Chinnaswamy Stadium,2016-04-17,36,1,6,54,2016
67,Virat Kohli,KKR,Eden Gardens,2016-05-16,37,3,5,75,2016
68,Ajinkya Rahane,RCB,Maharashtra Cricket Association's International Stadium,2016-04-22,37,0,8,60,2016
69,Saurabh Tiwary,RCB,M. Chinnaswamy Stadium,2016-05-07,37,0,9,52,2016
70,Kane Williamson,RCB,Rajiv Gandhi Intl. Cricket Stadium,2016-04-30,37,0,7,50,2016
71,Rohit Sharma,RPS,Maharashtra Cricket Association's International Stadium,2016-05-01,38,3,8,85,2016
72,Rohit Sharma,KKR,Eden Gardens,2016-04-13,38,2,10,84,2016
73,Robin Uthappa,KXIP,Eden Gardens,2016-05-04,38,2,6,70,2016
74,Ajinkya Rahane,DC,Feroz Shah Kotla Ground,2016-05-05,38,0,7,63,2016
75,Rohit Sharma,RCB,Wankhede Stadium,2016-04-20,38,3,4,62,2016
76,Quinton de Kock,KXIP,Feroz Shah Kotla Ground,2016-04-15,38,1,9,59,2016
77,Wriddhiman Saha,MI,ACA-VDCA Stadium,2016-05-13,38,1,6,56,2016
78,David Warner,KXIP,IS Bindra Stadium,2016-05-15,38,1,5,52,2016
79,Virat Kohli,GL,M. Chinnaswamy Stadium,2016-05-14,39,8,5,109,2016
80,Karun Nair,KKR,Feroz Shah Kotla Ground,2016-04-30,39,1,9,68,2016
81,Gautam Gambhir,MI,Eden Gardens,2016-04-13,39,1,4,64,2016
82,Suryakumar Yadav,RPS,Maharashtra Cricket Association's International Stadium,2016-04-24,39,2,6,60,2016
83,Gautam Gambhir,MI,Wankhede Stadium,2016-04-28,39,1,6,59,2016
84,Saurabh Tiwary,MI,Maharashtra Cricket Association's International Stadium,2016-05-01,39,2,4,57,2016
85,Dinesh Karthik,RCB,Saurashtra Cricket Association Stadium,2016-04-24,39,0,3,50,2016
86,Virat Kohli,GL,Saurashtra Cricket Association Stadium,2016-04-24,40,1,11,100,2016
87,Virat Kohli,SRH,M. Chinnaswamy Stadium,2016-04-12,40,3,7,75,2016
88,David Warner,DC,Shaheed Veer Narayan Singh International Cricket Stadium,2016-05-20,40,1,8,73,2016
89,Sanju Samson,MI,Feroz Shah Kotla Ground,2016-04-23,40,2,4,60,2016
90,Shaun Marsh,KKR,IS Bindra Stadium,2016-04-19,40,1,5,56,2016
91,Virat Kohli,DC,Shaheed Veer Narayan Singh International Cricket Stadium,2016-05-22,40,0,6,54,2016
92,Shikhar Dhawan,GL,Saurashtra Cricket Association Stadium,2016-04-21,40,0,5,53,2016
93,Gautam Gambhir,SRH,Rajiv Gandhi Intl. Cricket Stadium,2016-04-16,41,1,13,90,2016
94,Parthiv Patel,KXIP,IS Bindra Stadium,2016-04-25,41,2,10,81,2016
95,Shakib Al Hasan,GL,Eden Gardens,2016-05-08,41,4,4,66,2016
96,Rohit Sharma,DC,Feroz Shah Kotla Ground,2016-04-23,41,1,7,65,2016
97,Eoin Morgan,KKR,Rajiv Gandhi Intl. Cricket Stadium,2016-04-16,41,2,3,51,2016
98,David Warner,MI,Rajiv Gandhi Intl. Cricket Stadium,2016-04-18,42,4,7,90,2016
99,Karun Nair,SRH,Shaheed Veer Narayan Singh International Cricket Stadium,2016-05-20,42,3,8,83,2016
100,KL Rahul,MI,M. Chinnaswamy Stadium,2016-05-11,42,4,3,68,2016
1,Harbhajan Singh,KXIP,Wankhede Stadium,2015-04-12,19,6,5,64,2015
2,Andre Russell,KXIP,Eden Gardens,2015-05-09,19,4,5,51,2015
3,David Warner,CSK,Rajiv Gandhi Intl. Cricket Stadium,2015-05-02,20,1,11,61,2015
4,Moises Henriques,RCB,Rajiv Gandhi Intl. Cricket Stadium,2015-05-15,20,4,5,57,2015
5,Kieron Pollard,CSK,Wankhede Stadium,2015-04-17,21,5,4,64,2015
6,Chris Gayle,KXIP,M. Chinnaswamy Stadium,2015-05-06,22,12,7,117,2015
7,Dwayne Smith,MI,Wankhede Stadium,2015-04-17,22,4,8,62,2015
8,Deepak Hooda,DC,Feroz Shah Kotla Ground,2015-04-12,22,4,3,54,2015
9,Eoin Morgan,RR,Brabourne Stadium,2015-05-07,23,5,4,63,2015
10,Kedar Jadhav,SRH,Shaheed Veer Narayan Singh International Cricket Stadium,2015-05-09,24,2,8,63,2015
11,David Warner,RCB,M. Chinnaswamy Stadium,2015-04-13,24,4,6,57,2015
12,Hardik Pandya,KKR,Wankhede Stadium,2015-05-14,25,2,8,61,2015
13,Andre Russell,CSK,Eden Gardens,2015-04-30,25,4,4,55,2015
14,Rohit Sharma,CSK,Eden Gardens,2015-05-24,25,2,6,50,2015
15,George Bailey,MI,Wankhede Stadium,2015-04-12,27,3,4,61,2015
16,Ambati Rayudu,RR,Wankhede Stadium,2015-05-01,27,3,4,53,2015
17,Kieron Pollard,RR,Sardar Patel Stadium,2015-04-14,28,5,7,70,2015
18,Andre Russell,KXIP,Maharashtra Cricket Association's International Stadium,2015-04-18,28,2,9,66,2015
19,MS Dhoni,SRH,Chidambaram,2015-04-11,28,4,4,53,2015
20,AB de Villiers,MI,Wankhede Stadium,2015-05-10,29,4,19,133,2015
21,Dwayne Bravo,RR,Sardar Patel Stadium,2015-04-19,29,1,8,62,2015
22,Suresh Raina,RCB,M. Chinnaswamy Stadium,2015-04-22,29,6,4,62,2015
23,Chris Gayle,DC,Feroz Shah Kotla Ground,2015-04-26,29,4,6,62,2015
24,David Miller,RR,Sardar Patel Stadium,2015-04-21,29,5,1,54,2015
25,Quinton de Kock,SRH,Shaheed Veer Narayan Singh International Cricket Stadium,2015-05-09,29,1,9,50,2015
26,Quinton de Kock,RCB,M. Chinnaswamy Stadium,2015-05-17,30,3,9,69,2015
27,David Warner,RCB,Rajiv Gandhi Intl. Cricket Stadium,2015-05-15,30,1,5,52,2015
28,Rohit Sharma,CSK,Wankhede Stadium,2015-04-17,30,1,5,50,2015
29,Shane Watson,KKR,Brabourne Stadium,2015-05-16,31,5,9,104,2015
30,David Miller,SRH,Rajiv Gandhi Intl. Cricket Stadium,2015-05-11,31,9,2,89,2015
31,Steve Smith,SRH,Brabourne Stadium,2015-05-07,32,2,9,68,2015
32,Brendon McCullum,KXIP,Chidambaram,2015-04-25,32,3,8,66,2015
33,Shaun Marsh,RR,Sardar Patel Stadium,2015-04-21,32,3,5,65,2015
34,Shreyas Iyer,SRH,ACA-VDCA Stadium,2015-04-18,32,5,3,60,2015
35,Parthiv Patel,KXIP,IS Bindra Stadium,2015-05-03,32,3,5,59,2015
36,Mandeep Singh,RR,Maharashtra Cricket Association's International Stadium,2015-05-20,32,2,7,54,2015
37,Karun Nair,DC,Brabourne Stadium,2015-05-03,33,2,6,61,2015
38,Unmukt Chand,RCB,M. Chinnaswamy Stadium,2015-04-19,33,2,8,58,2015
39,Shikhar Dhawan,RR,Brabourne Stadium,2015-05-07,33,2,6,54,2015
40,Yuvraj Singh,KXIP,Maharashtra Cricket Association's International Stadium,2015-04-15,33,3,5,54,2015
41,AB de Villiers,RR,Maharashtra Cricket Association's International Stadium,2015-05-20,34,4,4,66,2015
42,JP Duminy,RR,Brabourne Stadium,2015-05-03,34,3,3,56,2015
43,Ajinkya Rahane,CSK,Sardar Patel Stadium,2015-04-19,35,2,6,76,2015
44,Sanju Samson,MI,Wankhede Stadium,2015-05-01,35,3,7,76,2015
45,Shane Watson,CSK,Sardar Patel Stadium,2015-04-19,35,4,6,73,2015
46,Lendl Simmons,CSK,Eden Gardens,2015-05-24,35,3,8,68,2015
47,JP Duminy,RCB,M. Chinnaswamy Stadium,2015-05-17,35,3,4,67,2015
48,David Warner,KXIP,IS Bindra Stadium,2015-04-27,35,1,10,58,2015
49,Yusuf Pathan,MI,Wankhede Stadium,2015-05-14,35,2,5,52,2015
50,David Warner,KKR,ACA-VDCA Stadium,2015-04-22,36,4,9,91,2015
51,Ajinkya Rahane,DC,Brabourne Stadium,2015-05-03,36,3,9,91,2015
52,David Warner,KXIP,Rajiv Gandhi Intl. Cricket Stadium,2015-05-11,36,5,6,81,2015
53,JP Duminy,MI,Feroz Shah Kotla Ground,2015-04-23,36,6,3,78,2015
54,Shreyas Iyer,CSK,Shaheed Veer Narayan Singh International Cricket Stadium,2015-05-12,36,1,10,70,2015
55,Lendl Simmons,RCB,M. Chinnaswamy Stadium,2015-04-19,36,2,9,59,2015
56,Faf du Plessis,KXIP,IS Bindra Stadium,2015-05-16,36,1,5,55,2015
57,Parthiv Patel,SRH,Rajiv Gandhi Intl. Cricket Stadium,2015-05-17,36,0,9,51,2015
58,Chris Gayle,KKR,Eden Gardens,2015-04-11,37,7,7,96,2015
59,Shreyas Iyer,MI,Feroz Shah Kotla Ground,2015-04-23,37,5,7,83,2015
60,Mayank Agarwal,KXIP,Maharashtra Cricket Association's International Stadium,2015-04-15,37,2,7,68,2015
61,Corey Anderson,RR,Sardar Patel Stadium,2015-04-14,37,3,5,50,2015
62,Brendon McCullum,SRH,Chidambaram,2015-04-11,38,9,7,100,2015
63,Lendl Simmons,KXIP,IS Bindra Stadium,2015-05-03,38,1,9,71,2015
64,Lendl Simmons,CSK,Wankhede Stadium,2015-05-19,38,5,3,65,2015
65,Gautam Gambhir,DC,Feroz Shah Kotla Ground,2015-04-20,38,0,8,60,2015
66,Shreyas Iyer,KXIP,Feroz Shah Kotla Ground,2015-05-01,38,3,4,54,2015
67,Virat Kohli,MI,Wankhede Stadium,2015-05-10,39,4,6,82,2015
68,Moises Henriques,DC,Shaheed Veer Narayan Singh International Cricket Stadium,2015-05-09,39,5,1,74,2015
69,Virat Kohli,RR,Sardar Patel Stadium,2015-04-24,39,3,1,62,2015
70,Gautam Gambhir,MI,Eden Gardens,2015-04-08,39,1,7,57,2015
71,JP Duminy,SRH,ACA-VDCA Stadium,2015-04-18,39,2,5,54,2015
72,Mayank Agarwal,KXIP,Feroz Shah Kotla Ground,2015-05-01,39,1,6,52,2015
73,Robin Uthappa,CSK,Eden Gardens,2015-04-30,40,1,7,80,2015
74,Steve Smith,MI,Sardar Patel Stadium,2015-04-14,40,1,8,79,2015
75,Ajinkya Rahane,KXIP,Sardar Patel Stadium,2015-04-21,40,2,6,74,2015
76,George Bailey,KKR,Maharashtra Cricket Association's International Stadium,2015-04-18,40,2,5,60,2015
77,Yuvraj Singh,MI,Wankhede Stadium,2015-05-05,40,2,7,57,2015
78,Virat Kohli,CSK,M. Chinnaswamy Stadium,2015-04-22,40,2,4,51,2015
79,Gautam Gambhir,RCB,Eden Gardens,2015-04-11,41,1,7,58,2015
80,AB de Villiers,RR,M. Chinnaswamy Stadium,2015-04-29,41,1,9,57,2015
81,Corey Anderson,KKR,Eden Gardens,2015-04-08,41,3,4,55,2015
82,David Warner,CSK,Chidambaram,2015-04-11,41,3,1,53,2015
83,Lendl Simmons,SRH,Wankhede Stadium,2015-04-25,41,1,6,51,2015
84,Shikhar Dhawan,RCB,M. Chinnaswamy Stadium,2015-04-13,41,2,4,50,2015
85,Albie Morkel,CSK,Chidambaram,2015-04-09,43,1,8,73,2015
86,Lendl Simmons,RCB,Wankhede Stadium,2015-05-10,43,3,5,68,2015
87,Michael Hussey,RCB,JSCA Stadium,2015-05-22,43,2,3,56,2015
88,Shikhar Dhawan,KKR,ACA-VDCA Stadium,2015-04-22,43,1,4,54,2015
89,Brendon McCullum,RR,Chidambaram,2015-05-10,44,4,7,81,2015
90,Suresh Raina,RCB,Chidambaram,2015-05-04,44,1,5,52,2015
91,Dwayne Smith,MI,Eden Gardens,2015-05-24,45,1,9,57,2015
92,Rohit Sharma,KKR,Eden Gardens,2015-04-08,46,4,12,98,2015
93,Ajinkya Rahane,SRH,ACA-VDCA Stadium,2015-04-16,46,0,9,62,2015
1,Yusuf Pathan,SRH,Eden Gardens,2014-05-24,15,7,5,72,2014
2,Suresh Raina,KXIP,Wankhede Stadium,2014-05-30,16,6,12,87,2014
3,David Miller,RR,Sharjah Cricket Stadium,2014-04-20,19,6,0,51,2014
4,Virender Sehwag,CSK,Wankhede Stadium,2014-05-30,21,8,12,122,2014
5,Glenn Maxwell,SRH,Sharjah Cricket Stadium,2014-04-22,21,9,5,95,2014
6,Glenn Maxwell,CSK,Barabati Stadium,2014-05-07,22,8,6,90,2014
7,Wriddhiman Saha,SRH,Rajiv Gandhi Intl. Cricket Stadium,2014-05-14,22,2,8,54,2014
8,Faf du Plessis,KXIP,Barabati Stadium,2014-05-07,22,1,7,52,2014
9,AB de Villiers,SRH,M. Chinnaswamy Stadium,2014-05-04,23,8,6,89,2014
10,David Miller,RCB,M. Chinnaswamy Stadium,2014-05-09,23,3,8,66,2014
11,Yuvraj Singh,RR,M. Chinnaswamy Stadium,2014-05-11,24,7,7,83,2014
12,Yuvraj Singh,DC,M. Chinnaswamy Stadium,2014-05-13,24,9,1,68,2014
13,Glenn Maxwell,CSK,Sheikh Zayed Stadium,2014-04-18,25,2,15,95,2014
14,Corey Anderson,RR,Wankhede Stadium,2014-05-25,25,6,9,95,2014
15,David Warner,CSK,JSCA Stadium,2014-05-22,25,3,12,90,2014
16,AB de Villiers,KXIP,M. Chinnaswamy Stadium,2014-05-09,25,5,1,53,2014
17,Karun Nair,MI,Wankhede Stadium,2014-05-25,26,2,7,50,2014
18,Lendl Simmons,KXIP,IS Bindra Stadium,2014-05-21,27,2,14,100,2014
19,Dwayne Smith,RR,Dubai International Cricket Stadium,2014-04-23,27,3,6,50,2014
20,Glenn Maxwell,RR,Sharjah Cricket Stadium,2014-04-20,28,6,8,89,2014
21,Michael Hussey,DC,Wankhede Stadium,2014-05-23,28,2,7,56,2014
22,Yuvraj Singh,DC,Sharjah Cricket Stadium,2014-04-17,28,5,3,52,2014
23,Shane Watson,KXIP,Sharjah Cricket Stadium,2014-04-20,28,3,5,50,2014
24,Wriddhiman Saha,KKR,M. Chinnaswamy Stadium,2014-06-01,29,8,10,115,2014
25,Naman Ojha,KXIP,Rajiv Gandhi Intl. Cricket Stadium,2014-05-14,29,7,4,79,2014
26,Robin Uthappa,CSK,Eden Gardens,2014-05-20,29,1,10,67,2014
27,Suresh Raina,MI,Brabourne Stadium,2014-05-28,29,2,4,54,2014
28,Brendon McCullum,KXIP,Sheikh Zayed Stadium,2014-04-18,30,5,4,67,2014
29,AB de Villiers,RR,M. Chinnaswamy Stadium,2014-05-11,30,5,1,58,2014
30,David Warner,MI,Rajiv Gandhi Intl. Cricket Stadium,2014-05-12,30,2,6,55,2014
31,Manish Pandey,KXIP,M. Chinnaswamy Stadium,2014-06-01,31,6,7,94,2014
32,Rohit Sharma,RCB,Wankhede Stadium,2014-05-06,31,4,3,59,2014
33,Shakib Al Hasan,RCB,Eden Gardens,2014-05-22,32,3,5,60,2014
34,Michael Hussey,RR,Sardar Patel Stadium,2014-05-19,32,2,3,56,2014
35,Brendon McCullum,KKR,JSCA Stadium,2014-05-02,32,2,5,56,2014
36,David Miller,CSK,Sheikh Zayed Stadium,2014-04-18,32,3,3,54,2014
37,Gautam Gambhir,RR,Sardar Patel Stadium,2014-05-05,32,1,6,54,2014
38,Sanju Samson,KXIP,Sharjah Cricket Stadium,2014-04-20,32,4,3,52,2014
39,David Hussey,SRH,JSCA Stadium,2014-05-22,33,2,5,50,2014
40,Robin Uthappa,RCB,Eden Gardens,2014-05-22,34,1,10,83,2014
41,Robin Uthappa,MI,Barabati Stadium,2014-05-14,34,3,9,80,2014
42,Ambati Rayudu,SRH,Rajiv Gandhi Intl. Cricket Stadium,2014-05-12,34,2,7,68,2014
43,Virat Kohli,SRH,Rajiv Gandhi Intl. Cricket Stadium,2014-05-20,34,4,4,67,2014
44,Kevin Pietersen,KXIP,IS Bindra Stadium,2014-05-25,34,0,9,58,2014
45,Karun Nair,RCB,M. Chinnaswamy Stadium,2014-05-11,34,0,8,56,2014
46,Virender Sehwag,KKR,Barabati Stadium,2014-05-11,35,1,11,72,2014
47,Dinesh Karthik,KXIP,Feroz Shah Kotla Ground,2014-05-19,35,3,7,69,2014
48,Suresh Raina,RCB,JSCA Stadium,2014-05-18,35,1,6,62,2014
49,JP Duminy,KKR,Dubai International Cricket Stadium,2014-04-19,35,3,3,52,2014
50,Shane Watson,CSK,JSCA Stadium,2014-05-13,35,4,3,51,2014
51,Dinesh Karthik,CSK,Feroz Shah Kotla Ground,2014-05-05,35,3,4,51,2014
52,Sanju Samson,MI,Wankhede Stadium,2014-05-25,36,3,7,74,2014
53,Brendon McCullum,MI,Dubai International Cricket Stadium,2014-04-25,36,2,8,71,2014
54,Lendl Simmons,CSK,Brabourne Stadium,2014-05-28,36,4,5,67,2014
55,Dinesh Karthik,KKR,Dubai International Cricket Stadium,2014-04-19,36,2,5,56,2014
56,Suresh Raina,DC,Sheikh Zayed Stadium,2014-04-21,36,1,5,56,2014
57,Aaron Finch,DC,Dubai International Cricket Stadium,2014-04-25,37,4,8,88,2014
58,Kieron Pollard,SRH,Dubai International Cricket Stadium,2014-04-30,37,6,3,78,2014
59,Jacques Kallis,MI,Sheikh Zayed Stadium,2014-04-16,37,3,5,72,2014
60,Dwayne Smith,SRH,Sharjah Cricket Stadium,2014-04-27,37,5,4,66,2014
61,Dwayne Smith,KXIP,Sheikh Zayed Stadium,2014-04-18,37,3,6,66,2014
62,Dwayne Smith,DC,Feroz Shah Kotla Ground,2014-05-05,38,8,4,79,2014
63,Gautam Gambhir,KXIP,Barabati Stadium,2014-05-11,38,0,7,63,2014
64,Ambati Rayudu,CSK,Wankhede Stadium,2014-05-10,38,4,2,59,2014
65,Robin Uthappa,DC,Dubai International Cricket Stadium,2014-04-19,38,1,6,55,2014
66,Gautam Gambhir,DC,Feroz Shah Kotla Ground,2014-05-07,39,2,5,69,2014
67,Lendl Simmons,SRH,Rajiv Gandhi Intl. Cricket Stadium,2014-05-12,39,4,5,68,2014
68,Robin Uthappa,RR,Sardar Patel Stadium,2014-05-05,39,3,5,65,2014
69,Manoj Tiwary,RR,Sardar Patel Stadium,2014-05-15,39,2,5,61,2014
70,MS Dhoni,SRH,JSCA Stadium,2014-05-22,39,4,2,57,2014
71,Murali Vijay,SRH,Dubai International Cricket Stadium,2014-04-25,39,1,7,52,2014
72,Shikhar Dhawan,RCB,Rajiv Gandhi Intl. Cricket Stadium,2014-05-20,39,1,7,50,2014
73,Virat Kohli,CSK,M. Chinnaswamy Stadium,2014-05-24,40,5,2,73,2014
74,Shikhar Dhawan,CSK,JSCA Stadium,2014-05-22,40,2,4,64,2014
75,David Warner,DC,Dubai International Cricket Stadium,2014-04-25,40,3,3,58,2014
76,Rohit Sharma,CSK,Dubai International Cricket Stadium,2014-04-25,40,2,3,50,2014
77,Karun Nair,DC,Feroz Shah Kotla Ground,2014-05-03,41,2,8,73,2014
78,Aaron Finch,MI,Rajiv Gandhi Intl. Cricket Stadium,2014-05-12,41,2,7,68,2014
79,David Warner,MI,Dubai International Cricket Stadium,2014-04-30,41,4,1,65,2014
80,David Warner,RCB,Rajiv Gandhi Intl. Cricket Stadium,2014-05-20,41,4,3,59,2014
81,Manan Vohra,KKR,M. Chinnaswamy Stadium,2014-06-01,42,2,6,67,2014
82,Manish Pandey,MI,Sheikh Zayed Stadium,2014-04-16,42,2,6,64,2014
83,Parthiv Patel,MI,Dubai International Cricket Stadium,2014-04-19,42,0,7,57,2014
84,Suresh Raina,KKR,Eden Gardens,2014-05-20,43,5,3,65,2014
85,Lendl Simmons,RR,Sardar Patel Stadium,2014-05-19,43,2,6,62,2014
86,David Warner,RCB,M. Chinnaswamy Stadium,2014-05-04,43,3,4,61,2014
87,Wriddhiman Saha,MI,Wankhede Stadium,2014-05-03,43,3,4,59,2014
88,Faf du Plessis,RCB,M. Chinnaswamy Stadium,2014-05-24,43,3,3,54,2014
89,Rohit Sharma,KKR,Barabati Stadium,2014-05-14,43,2,4,51,2014
90,Ajinkya Rahane,KKR,Sheikh Zayed Stadium,2014-04-29,44,1,6,72,2014
91,JP Duminy,RCB,Sharjah Cricket Stadium,2014-04-17,44,3,4,67,2014
92,Ajinkya Rahane,DC,Sardar Patel Stadium,2014-05-15,45,1,8,64,2014
93,Ajinkya Rahane,SRH,Sheikh Zayed Stadium,2014-04-18,46,0,6,59,2014
94,Dwayne Smith,MI,Wankhede Stadium,2014-05-10,49,3,5,57,2014
1,Chris Gayle,PWI,M. Chinnaswamy Stadium,2013-04-23,17,17,13,175,2013
2,Kieron Pollard,SRH,Wankhede Stadium,2013-05-13,20,8,2,66,2013
3,Dwayne Smith,CSK,Feroz Shah Kotla Ground,2013-05-21,21,5,6,68,2013
4,AB de Villiers,PWI,Maharashtra Cricket Association's International Stadium,2013-05-02,23,2,6,50,2013
5,David Miller,RCB,IS Bindra Stadium,2013-05-06,24,7,8,101,2013
6,MS Dhoni,MI,Chidambaram,2013-04-06,24,3,5,51,2013
7,David Warner,PWI,Shaheed Veer Narayan Singh International Cricket Stadium,2013-04-28,24,4,4,51,2013
8,Shane Watson,CSK,Sawai Mansingh Stadium,2013-05-12,25,6,6,70,2013
9,David Miller,CSK,Chidambaram,2013-05-02,25,2,5,51,2013
10,AB de Villiers,CSK,Chidambaram,2013-04-13,26,1,8,64,2013
11,Azhar Mahmood,MI,HPCA Stadium,2013-05-18,27,4,8,80,2013
12,Chris Gayle,KXIP,IS Bindra Stadium,2013-05-06,27,3,6,61,2013
13,Rohit Sharma,KXIP,Wankhede Stadium,2013-04-29,28,6,6,79,2013
14,Virat Kohli,CSK,M. Chinnaswamy Stadium,2013-05-18,28,4,6,56,2013
15,Shane Watson,CSK,Chidambaram,2013-04-22,29,6,6,101,2013
16,Dinesh Karthik,DC,Wankhede Stadium,2013-04-09,29,2,14,86,2013
17,Suresh Raina,MI,Feroz Shah Kotla Ground,2013-05-21,29,5,5,82,2013
18,David Miller,PWI,IS Bindra Stadium,2013-04-21,29,5,5,80,2013
19,Brad Hodge,SRH,Feroz Shah Kotla Ground,2013-05-22,29,5,2,54,2013
20,Rohit Sharma,PWI,Wankhede Stadium,2013-04-13,30,5,3,62,2013
21,Aditya Tare,RR,Wankhede Stadium,2013-05-15,30,1,8,59,2013
22,MS Dhoni,DC,Chidambaram,2013-05-14,30,4,2,58,2013
23,Michael Hussey,KKR,Chidambaram,2013-04-28,31,2,11,95,2013
24,Virender Sehwag,MI,Feroz Shah Kotla Ground,2013-04-21,31,2,13,95,2013
25,Virat Kohli,SRH,M. Chinnaswamy Stadium,2013-04-09,31,4,11,93,2013
26,Michael Hussey,RR,Chidambaram,2013-04-22,31,1,13,88,2013
27,Rohit Sharma,DC,Feroz Shah Kotla Ground,2013-04-21,31,5,5,73,2013
28,Gautam Gambhir,KXIP,IS Bindra Stadium,2013-04-16,31,0,9,60,2013
29,Dinesh Karthik,RCB,M. Chinnaswamy Stadium,2013-04-04,31,4,3,60,2013
30,Kieron Pollard,CSK,Eden Gardens,2013-05-26,31,3,7,60,2013
31,Aaron Finch,DC,Maharashtra Cricket Association's International Stadium,2013-05-19,31,4,3,52,2013
32,Suresh Raina,KXIP,Chidambaram,2013-05-02,32,6,7,100,2013
33,Chris Gayle,KKR,M. Chinnaswamy Stadium,2013-04-11,32,9,4,85,2013
34,Yusuf Pathan,PWI,JSCA Stadium,2013-05-15,32,2,8,72,2013
35,Aaron Finch,CSK,Chidambaram,2013-04-15,32,2,10,67,2013
36,Michael Hussey,SRH,Rajiv Gandhi Intl. Cricket Stadium,2013-05-08,32,4,5,67,2013
37,MS Dhoni,SRH,Chidambaram,2013-04-25,32,4,7,67,2013
38,Virat Kohli,DC,M. Chinnaswamy Stadium,2013-04-16,32,1,7,65,2013
39,Sanju Samson,RCB,Sawai Mansingh Stadium,2013-04-29,32,2,7,63,2013
40,David Miller,MI,Wankhede Stadium,2013-04-29,32,5,1,56,2013
41,Cameron White,RCB,M. Chinnaswamy Stadium,2013-04-09,32,3,3,52,2013
42,Aaron Finch,KXIP,IS Bindra Stadium,2013-04-21,33,2,8,64,2013
43,Suresh Raina,RR,Chidambaram,2013-04-22,33,2,4,51,2013
44,Robin Uthappa,RCB,Maharashtra Cricket Association's International Stadium,2013-05-02,34,5,5,75,2013
45,Shaun Marsh,CSK,Chidambaram,2013-05-02,34,2,8,73,2013
46,Dwayne Smith,KKR,Eden Gardens,2013-04-24,34,5,3,62,2013
47,David Warner,MI,Wankhede Stadium,2013-04-09,34,4,5,61,2013
48,Mahela Jayawardene,MI,Feroz Shah Kotla Ground,2013-04-21,34,1,8,59,2013
49,Suresh Raina,SRH,Rajiv Gandhi Intl. Cricket Stadium,2013-05-08,35,3,11,99,2013
50,David Warner,KKR,Shaheed Veer Narayan Singh International Cricket Stadium,2013-05-01,35,3,6,66,2013
51,Kieron Pollard,CSK,Chidambaram,2013-04-06,35,5,4,57,2013
52,Eoin Morgan,RR,Sawai Mansingh Stadium,2013-04-08,35,3,3,51,2013
53,Dwayne Smith,RCB,Wankhede Stadium,2013-04-27,35,3,4,50,2013
54,Michael Hussey,KXIP,IS Bindra Stadium,2013-04-10,36,2,11,86,2013
55,Aaron Finch,RR,Maharashtra Cricket Association's International Stadium,2013-04-11,36,3,6,64,2013
56,Ben Rohrer,RR,Sawai Mansingh Stadium,2013-05-07,36,1,9,64,2013
57,Azhar Mahmood,RCB,M. Chinnaswamy Stadium,2013-05-14,36,1,8,61,2013
58,Shikhar Dhawan,MI,Wankhede Stadium,2013-05-13,36,2,6,59,2013
59,Rahul Dravid,PWI,Sawai Mansingh Stadium,2013-05-05,36,1,9,58,2013
60,Ajinkya Rahane,PWI,Sawai Mansingh Stadium,2013-05-05,37,2,6,67,2013
61,Ajinkya Rahane,DC,Sawai Mansingh Stadium,2013-05-07,37,1,5,63,2013
62,Darren Sammy,RR,Sawai Mansingh Stadium,2013-04-27,37,1,8,60,2013
63,Chris Gayle,MI,M. Chinnaswamy Stadium,2013-04-04,38,5,11,92,2013
64,Dwayne Smith,RR,Eden Gardens,2013-05-24,38,2,6,62,2013
65,Shane Watson,SRH,Sawai Mansingh Stadium,2013-04-27,39,4,13,98,2013
66,Mandeep Singh,PWI,IS Bindra Stadium,2013-04-21,39,0,7,77,2013
67,Shaun Marsh,MI,HPCA Stadium,2013-05-18,39,0,11,63,2013
68,Gautam Gambhir,RCB,M. Chinnaswamy Stadium,2013-04-11,39,1,7,59,2013
69,Virat Kohli,KXIP,M. Chinnaswamy Stadium,2013-05-14,39,2,6,57,2013
70,Gautam Gambhir,SRH,Eden Gardens,2013-04-14,39,1,6,53,2013
71,Michael Hussey,MI,Feroz Shah Kotla Ground,2013-05-21,40,2,10,86,2013
72,Chris Gayle,KXIP,M. Chinnaswamy Stadium,2013-05-14,40,6,4,77,2013
73,Shikhar Dhawan,MI,Rajiv Gandhi Intl. Cricket Stadium,2013-05-01,40,1,9,73,2013
74,Manish Pandey,KKR,JSCA Stadium,2013-05-15,40,1,8,66,2013
75,Rahul Dravid,DC,Feroz Shah Kotla Ground,2013-04-06,40,2,6,65,2013
76,Robin Uthappa,RR,Sawai Mansingh Stadium,2013-05-05,40,1,8,54,2013
77,Adam Gilchrist,RCB,M. Chinnaswamy Stadium,2013-05-14,41,3,10,85,2013
78,David Warner,RR,Feroz Shah Kotla Ground,2013-04-06,41,1,9,77,2013
79,Michael Hussey,DC,Feroz Shah Kotla Ground,2013-04-18,41,2,6,65,2013
80,MS Dhoni,MI,Eden Gardens,2013-05-26,41,5,3,63,2013
81,Shikhar Dhawan,CSK,Chidambaram,2013-04-25,41,0,10,63,2013
82,Rohit Sharma,DC,Wankhede Stadium,2013-04-09,42,5,4,74,2013
83,Suresh Raina,PWI,Maharashtra Cricket Association's International Stadium,2013-04-30,42,1,5,63,2013
84,Saurabh Tiwary,PWI,Maharashtra Cricket Association's International Stadium,2013-05-02,42,2,2,52,2013
85,Manvinder Bisla,KXIP,Eden Gardens,2013-04-26,42,3,3,51,2013
86,Manvinder Bisla,CSK,Chidambaram,2013-04-28,43,2,14,92,2013
87,Ajinkya Rahane,KXIP,IS Bindra Stadium,2013-05-09,43,3,3,59,2013
88,Virat Kohli,CSK,Chidambaram,2013-04-13,43,2,2,58,2013
89,Biplap Samantray,RR,Rajiv Gandhi Intl. Cricket Stadium,2013-05-17,43,1,6,55,2013
90,Sachin Tendulkar,DC,Feroz Shah Kotla Ground,2013-04-21,43,2,3,54,2013
91,Rahul Dravid,PWI,Maharashtra Cricket Association's International Stadium,2013-04-11,43,0,8,54,2013
92,Gautam Gambhir,PWI,Maharashtra Cricket Association's International Stadium,2013-05-09,43,0,6,50,2013
93,Virat Kohli,DC,Feroz Shah Kotla Ground,2013-05-10,44,4,10,99,2013
94,Shaun Marsh,RR,IS Bindra Stadium,2013-05-09,44,2,6,77,2013
95,Parthiv Patel,KXIP,IS Bindra Stadium,2013-05-11,44,2,5,61,2013
96,Rahul Dravid,DC,Sawai Mansingh Stadium,2013-05-07,45,0,7,53,2013
97,Cheteshwar Pujara,KXIP,IS Bindra Stadium,2013-05-06,45,0,8,51,2013
98,Ajinkya Rahane,MI,Sawai Mansingh Stadium,2013-04-17,46,1,8,68,2013
99,Mahela Jayawardene,KKR,Eden Gardens,2013-04-03,46,1,8,66,2013
100,Murali Vijay,RR,Sawai Mansingh Stadium,2013-05-12,49,0,6,55,2013
1,Owais Shah,RCB,M. Chinnaswamy Stadium,2012-04-15,19,5,5,60,2012
2,Virender Sehwag,RR,Sawai Mansingh Stadium,2012-05-01,20,1,12,73,2012
3,MS Dhoni,MI,M. Chinnaswamy Stadium,2012-05-23,20,2,6,51,2012
4,AB de Villiers,RR,Sawai Mansingh Stadium,2012-04-23,21,5,3,59,2012
5,Ross Taylor,RCB,Feroz Shah Kotla Ground,2012-05-17,22,2,7,55,2012
6,JP Duminy,RR,Sawai Mansingh Stadium,2012-04-17,24,5,3,58,2012
7,Chris Gayle,PWI,Maharashtra Cricket Association's International Stadium,2012-05-11,24,6,3,57,2012
8,David Warner,KXIP,HPCA Stadium,2012-05-19,25,4,10,79,2012
9,Kevin Pietersen,MI,Feroz Shah Kotla Ground,2012-04-27,25,3,6,50,2012
10,David Warner,DEC,Rajiv Gandhi Intl. Cricket Stadium,2012-05-10,26,7,10,109,2012
11,Mayank Agarwal,MI,M. Chinnaswamy Stadium,2012-05-14,26,4,6,64,2012
12,Shane Watson,PWI,Sawai Mansingh Stadium,2012-05-13,26,4,6,58,2012
13,Shane Watson,PWI,Maharashtra Cricket Association's International Stadium,2012-05-08,27,4,10,90,2012
14,Manvinder Bisla,CSK,Chidambaram,2012-05-27,27,5,8,89,2012
15,Suresh Raina,KKR,Chidambaram,2012-05-27,27,5,3,73,2012
16,Chris Gayle,CSK,Chidambaram,2012-04-12,27,6,2,68,2012
17,David Hussey,DEC,IS Bindra Stadium,2012-05-13,27,5,4,65,2012
18,Virender Sehwag,PWI,Feroz Shah Kotla Ground,2012-04-21,27,4,5,57,2012
19,Murali Vijay,DC,Chidambaram,2012-05-25,28,4,15,113,2012
20,Gautam Gambhir,RCB,Eden Gardens,2012-04-28,28,5,9,93,2012
21,Virender Sehwag,PWI,Maharashtra Cricket Association's International Stadium,2012-04-24,28,3,10,87,2012
22,Gautam Gambhir,RCB,M. Chinnaswamy Stadium,2012-04-10,28,1,9,64,2012
23,Rohit Sharma,KKR,Eden Gardens,2012-05-12,29,5,12,109,2012
24,Tillakaratne Dilshan,DEC,M. Chinnaswamy Stadium,2012-05-06,29,2,8,71,2012
25,Kieron Pollard,RR,Wankhede Stadium,2012-04-11,29,4,6,64,2012
26,Ambati Rayudu,DC,Feroz Shah Kotla Ground,2012-04-27,29,3,5,62,2012
27,Rohit Sharma,KXIP,IS Bindra Stadium,2012-04-25,29,3,3,50,2012
28,Virender Sehwag,MI,Feroz Shah Kotla Ground,2012-04-27,30,4,8,73,2012
29,David Hussey,MI,IS Bindra Stadium,2012-04-25,30,4,4,68,2012
30,Gautam Gambhir,PWI,Eden Gardens,2012-05-05,30,2,4,56,2012
31,Mandeep Singh,DEC,Rajiv Gandhi Intl. Cricket Stadium,2012-05-08,31,3,8,75,2012
32,Gautam Gambhir,CSK,Eden Gardens,2012-05-14,31,3,6,62,2012
33,Mahela Jayawardene,CSK,Chidambaram,2012-05-25,31,2,4,55,2012
34,Kieron Pollard,RCB,M. Chinnaswamy Stadium,2012-05-14,31,3,5,52,2012
35,Owais Shah,MI,Wankhede Stadium,2012-04-11,32,5,5,76,2012
36,Sachin Tendulkar,CSK,Wankhede Stadium,2012-05-06,32,1,11,74,2012
37,Chris Gayle,KXIP,M. Chinnaswamy Stadium,2012-05-02,32,4,6,71,2012
38,Faf du Plessis,RCB,Chidambaram,2012-04-12,32,4,5,71,2012
39,Jesse Ryder,DC,Feroz Shah Kotla Ground,2012-04-21,33,4,7,86,2012
40,Robin Uthappa,RCB,M. Chinnaswamy Stadium,2012-04-17,33,2,9,69,2012
41,Shaun Marsh,MI,Wankhede Stadium,2012-04-22,33,3,5,68,2012
42,Cameron White,DC,Rajiv Gandhi Intl. Cricket Stadium,2012-05-10,33,2,7,65,2012
43,Virender Sehwag,RR,Feroz Shah Kotla Ground,2012-04-29,33,2,8,63,2012
44,Dwayne Smith,RR,Sawai Mansingh Stadium,2012-05-20,34,3,10,87,2012
45,Faf du Plessis,RR,Chidambaram,2012-04-21,34,2,6,73,2012
46,Rahul Dravid,RCB,Sawai Mansingh Stadium,2012-04-23,34,0,8,58,2012
47,Richard Levi,CSK,Chidambaram,2012-04-04,34,3,6,50,2012
48,Nitin Saini,RCB,M. Chinnaswamy Stadium,2012-05-02,34,0,5,50,2012
49,Cameron White,PWI,Maharashtra Cricket Association's International Stadium,2012-04-26,35,5,6,78,2012
50,Cameron White,KXIP,IS Bindra Stadium,2012-05-13,35,1,8,67,2012
51,Rahul Dravid,DC,Sawai Mansingh Stadium,2012-05-01,35,0,7,57,2012
52,Michael Hussey,KKR,Eden Gardens,2012-05-14,35,4,4,56,2012
53,Chris Gayle,MI,Wankhede Stadium,2012-05-09,36,6,5,82,2012
54,Jesse Ryder,CSK,Maharashtra Cricket Association's International Stadium,2012-04-14,36,1,7,73,2012
55,Shikhar Dhawan,KXIP,IS Bindra Stadium,2012-05-13,36,3,4,71,2012
56,Gautam Gambhir,KXIP,IS Bindra Stadium,2012-04-18,36,1,7,66,2012
57,AB de Villiers,KXIP,IS Bindra Stadium,2012-04-20,36,0,6,52,2012
58,Chris Gayle,DC,Feroz Shah Kotla Ground,2012-05-17,37,13,7,128,2012
59,Ajinkya Rahane,KXIP,Sawai Mansingh Stadium,2012-04-06,37,1,16,98,2012
60,Shikhar Dhawan,DC,Rajiv Gandhi Intl. Cricket Stadium,2012-05-10,37,5,9,84,2012
61,AB de Villiers,DC,M. Chinnaswamy Stadium,2012-04-07,37,2,6,64,2012
62,Rohit Sharma,CSK,Wankhede Stadium,2012-05-06,37,2,6,60,2012
63,Shikhar Dhawan,RR,Sawai Mansingh Stadium,2012-04-17,37,0,8,52,2012
64,Kumar Sangakkara,PWI,Barabati Stadium,2012-05-01,38,2,10,82,2012
65,Chris Gayle,PWI,M. Chinnaswamy Stadium,2012-04-17,38,8,4,81,2012
66,James Franklin,KXIP,Wankhede Stadium,2012-04-22,38,4,6,79,2012
67,Cameron White,PWI,Barabati Stadium,2012-05-01,38,4,4,74,2012
68,Naman Ojha,DEC,Rajiv Gandhi Intl. Cricket Stadium,2012-05-10,38,5,2,64,2012
69,Michael Hussey,KKR,Chidambaram,2012-05-27,38,2,4,54,2012
70,Cameron White,CSK,Chidambaram,2012-05-04,39,2,9,77,2012
71,Shikhar Dhawan,RCB,M. Chinnaswamy Stadium,2012-05-06,39,1,10,73,2012
72,Jacques Kallis,CSK,Chidambaram,2012-05-27,39,1,7,69,2012
73,Mahela Jayawardene,MI,Feroz Shah Kotla Ground,2012-04-27,39,0,8,55,2012
74,Ajinkya Rahane,DC,Feroz Shah Kotla Ground,2012-04-29,40,1,9,84,2012
75,Manish Pandey,DC,Maharashtra Cricket Association's International Stadium,2012-04-24,40,3,7,80,2012
76,Ajinkya Rahane,PWI,Sawai Mansingh Stadium,2012-05-13,40,0,7,61,2012
77,Brendon McCullum,DC,Feroz Shah Kotla Ground,2012-05-07,40,0,7,56,2012
78,Tillakaratne Dilshan,PWI,Maharashtra Cricket Association's International Stadium,2012-05-11,40,1,6,53,2012
79,Owais Shah,CSK,Chidambaram,2012-04-21,40,3,4,52,2012
80,Ajinkya Rahane,RCB,M. Chinnaswamy Stadium,2012-04-15,41,5,12,103,2012
81,Chris Gayle,KXIP,IS Bindra Stadium,2012-04-20,41,4,8,87,2012
82,Ambati Rayudu,RCB,M. Chinnaswamy Stadium,2012-05-14,41,4,6,81,2012
83,Rohit Sharma,DEC,ACA-VDCA Stadium,2012-04-09,41,5,4,73,2012
84,Virat Kohli,DC,Feroz Shah Kotla Ground,2012-05-17,41,1,9,73,2012
85,Kevin Pietersen,DEC,Feroz Shah Kotla Ground,2012-04-19,42,9,6,103,2012
86,Chris Gayle,KKR,Eden Gardens,2012-04-28,42,6,7,86,2012
87,Adam Gilchrist,CSK,HPCA Stadium,2012-05-17,42,2,9,64,2012
88,Manoj Tiwary,RR,Sawai Mansingh Stadium,2012-04-08,42,0,7,59,2012
89,Faf du Plessis,PWI,Chidambaram,2012-04-19,42,2,4,58,2012
90,Subramaniam Badrinath,PWI,Chidambaram,2012-04-19,42,0,8,57,2012
91,Tillakaratne Dilshan,RR,Sawai Mansingh Stadium,2012-04-23,43,1,10,76,2012
92,JP Duminy,RCB,Rajiv Gandhi Intl. Cricket Stadium,2012-05-20,43,5,4,74,2012
93,Gautam Gambhir,CSK,Chidambaram,2012-04-30,43,1,6,63,2012
94,Virat Kohli,CSK,Chidambaram,2012-04-12,43,2,5,57,2012
95,Sachin Tendulkar,RR,Sawai Mansingh Stadium,2012-05-20,44,0,6,58,2012
96,Mandeep Singh,CSK,Chidambaram,2012-04-28,44,1,5,56,2012
97,Jacques Kallis,MI,Eden Gardens,2012-05-12,45,3,7,79,2012
98,Herschelle Gibbs,KKR,Eden Gardens,2012-05-12,48,2,7,66,2012
99,Mahela Jayawardene,KXIP,Feroz Shah Kotla Ground,2012-05-15,48,0,8,56,2012
100,Shaun Marsh,PWI,IS Bindra Stadium,2012-04-12,49,1,7,64,2012
1,Paul Valthaty,CSK,IS Bindra Stadium,2011-04-13,23,2,19,120,2011
2,Dinesh Karthik,KTK,Holkar Cricket Stadium,2011-05-13,24,5,7,69,2011
3,Jesse Ryder,DC,DY Patil Stadium,2011-04-17,24,5,5,60,2011
4,Sunny Sohal,CSK,Chidambaram,2011-05-01,24,4,6,56,2011
5,Adam Gilchrist,RCB,HPCA Stadium,2011-05-17,25,9,8,106,2011
6,Virender Sehwag,DEC,Rajiv Gandhi Intl. Cricket Stadium,2011-05-05,27,6,13,119,2011
7,Shaun Marsh,DC,Feroz Shah Kotla Ground,2011-04-23,27,6,9,95,2011
8,Chris Gayle,MI,Chidambaram,2011-05-27,27,5,9,89,2011
9,Chris Gayle,KXIP,M. Chinnaswamy Stadium,2011-05-06,28,9,10,107,2011
10,Virender Sehwag,KXIP,Feroz Shah Kotla Ground,2011-04-23,28,4,8,77,2011
11,Gautam Gambhir,RR,Sawai Mansingh Stadium,2011-04-15,28,1,11,75,2011
12,MS Dhoni,DC,Chidambaram,2011-05-12,28,4,5,63,2011
13,Chris Gayle,KKR,Eden Gardens,2011-04-22,29,7,10,102,2011
14,Murali Vijay,RCB,Chidambaram,2011-05-28,29,6,4,95,2011
15,David Warner,KXIP,Feroz Shah Kotla Ground,2011-04-23,29,4,7,77,2011
16,Shaun Marsh,RR,IS Bindra Stadium,2011-04-21,29,3,6,71,2011
17,Bharat Chipli,RCB,Rajiv Gandhi Intl. Cricket Stadium,2011-04-14,29,3,5,61,2011
18,Ambati Rayudu,KTK,Wankhede Stadium,2011-04-15,29,4,3,53,2011
19,Aiden Blizzard,KKR,Wankhede Stadium,2011-05-25,29,2,7,51,2011
20,Shane Watson,MI,Wankhede Stadium,2011-05-20,30,6,9,89,2011
21,Mahela Jayawardene,KXIP,Holkar Cricket Stadium,2011-05-13,30,2,8,76,2011
22,Yuvraj Singh,DC,DY Patil Stadium,2011-04-17,30,5,4,66,2011
23,Adam Gilchrist,DEC,Rajiv Gandhi Intl. Cricket Stadium,2011-04-16,30,3,5,61,2011
24,Mahela Jayawardene,MI,Wankhede Stadium,2011-04-15,30,0,9,56,2011
25,JP Duminy,DC,Rajiv Gandhi Intl. Cricket Stadium,2011-05-05,30,4,2,55,2011
26,Tillakaratne Dilshan,KTK,M. Chinnaswamy Stadium,2011-05-08,30,1,8,52,2011
27,Rohit Sharma,CSK,Wankhede Stadium,2011-04-22,31,5,8,87,2011
28,Suresh Raina,DEC,Chidambaram,2011-05-01,31,2,6,59,2011
29,Virat Kohli,DC,Feroz Shah Kotla Ground,2011-04-26,31,2,8,56,2011
30,Jesse Ryder,RCB,M. Chinnaswamy Stadium,2011-04-29,31,2,4,51,2011
31,Michael Hussey,RR,Chidambaram,2011-05-04,32,1,8,79,2011
32,MS Dhoni,RCB,M. Chinnaswamy Stadium,2011-05-22,32,6,3,70,2011
33,Chris Gayle,RR,Sawai Mansingh Stadium,2011-05-11,33,4,7,70,2011
34,Subramaniam Badrinath,PWI,DY Patil Stadium,2011-04-27,33,2,6,63,2011
35,Rohit Sharma,DEC,Rajiv Gandhi Intl. Cricket Stadium,2011-04-24,33,3,5,56,2011
36,Ajinkya Rahane,CSK,Sawai Mansingh Stadium,2011-05-09,33,0,7,52,2011
37,Shaun Marsh,RCB,HPCA Stadium,2011-05-17,34,5,7,79,2011
38,Chris Gayle,CSK,M. Chinnaswamy Stadium,2011-05-22,34,6,4,75,2011
39,Murali Vijay,KXIP,IS Bindra Stadium,2011-04-13,34,4,6,74,2011
40,Shikhar Dhawan,KXIP,HPCA Stadium,2011-05-21,35,1,14,95,2011
41,Paul Valthaty,DEC,Rajiv Gandhi Intl. Cricket Stadium,2011-04-16,35,5,8,75,2011
42,Sunny Sohal,DC,Feroz Shah Kotla Ground,2011-04-19,35,1,8,62,2011
43,Ambati Rayudu,DC,Wankhede Stadium,2011-05-07,35,2,7,59,2011
44,Ambati Rayudu,KXIP,Wankhede Stadium,2011-05-02,35,1,8,51,2011
45,Virender Sehwag,KTK,Jawaharlal Nehru Stadium,2011-04-30,36,5,8,80,2011
46,Virat Kohli,CSK,Wankhede Stadium,2011-05-24,36,3,5,70,2011
47,Virat Kohli,PWI,M. Chinnaswamy Stadium,2011-04-29,36,4,4,67,2011
48,Rohit Sharma,RR,Wankhede Stadium,2011-05-20,36,1,5,58,2011
49,Murali Vijay,RR,Sawai Mansingh Stadium,2011-05-09,36,3,2,53,2011
50,Adam Gilchrist,DEC,HPCA Stadium,2011-05-21,36,2,6,51,2011
51,Subramaniam Badrinath,MI,Wankhede Stadium,2011-04-22,37,2,7,71,2011
52,Rahul Dravid,CSK,Chidambaram,2011-05-04,37,0,10,66,2011
53,Manoj Tiwary,DC,Feroz Shah Kotla Ground,2011-04-28,37,3,2,61,2011
54,Dwaraka Ravi Teja,KXIP,HPCA Stadium,2011-05-21,37,2,5,60,2011
55,Venugopal Rao,RR,Sawai Mansingh Stadium,2011-04-12,37,4,4,60,2011
56,Jacques Kallis,CSK,Chidambaram,2011-04-08,37,0,7,54,2011
57,Subramaniam Badrinath,KKR,Eden Gardens,2011-05-07,37,2,3,54,2011
58,AB de Villiers,CSK,Chidambaram,2011-04-16,38,2,5,65,2011
59,Paul Valthaty,DC,HPCA Stadium,2011-05-15,38,3,7,62,2011
60,Mahela Jayawardene,KKR,Jawaharlal Nehru Stadium,2011-05-05,38,2,2,55,2011
61,Ryan ten Doeschate,MI,Wankhede Stadium,2011-05-25,39,3,6,70,2011
62,Eoin Morgan,KTK,Jawaharlal Nehru Stadium,2011-05-05,39,2,8,66,2011
63,Kumar Sangakkara,KTK,Jawaharlal Nehru Stadium,2011-04-27,39,0,10,65,2011
64,Yuvraj Singh,CSK,DY Patil Stadium,2011-04-27,39,4,3,62,2011
65,Suresh Raina,RR,Chidambaram,2011-05-04,39,1,3,61,2011
66,Shaun Marsh,MI,Wankhede Stadium,2011-05-02,39,0,8,61,2011
67,James Hopes,RCB,Feroz Shah Kotla Ground,2011-04-26,39,0,7,54,2011
68,Suresh Raina,KTK,Jawaharlal Nehru Stadium,2011-04-18,39,1,5,50,2011
69,Michael Hussey,RCB,Chidambaram,2011-05-28,40,3,3,63,2011
70,Jacques Kallis,MI,Eden Gardens,2011-05-22,40,3,4,59,2011
71,AB de Villiers,KTK,Jawaharlal Nehru Stadium,2011-04-09,40,5,1,54,2011
72,David Warner,RR,Sawai Mansingh Stadium,2011-04-12,40,1,6,54,2011
73,Brendon McCullum,MI,Wankhede Stadium,2011-04-15,41,2,10,81,2011
74,Suresh Raina,RCB,Wankhede Stadium,2011-05-24,41,6,4,73,2011
75,Ambati Rayudu,RCB,M. Chinnaswamy Stadium,2011-04-12,41,0,9,63,2011
76,James Hopes,MI,Wankhede Stadium,2011-05-07,41,0,10,55,2011
77,Subramaniam Badrinath,DC,Chidambaram,2011-05-12,41,1,6,55,2011
78,Shikhar Dhawan,KKR,Rajiv Gandhi Intl. Cricket Stadium,2011-05-03,41,1,4,54,2011
79,Brad Hodge,CSK,Chidambaram,2011-05-18,41,2,3,51,2011
80,Michael Hussey,RCB,Chidambaram,2011-04-16,42,1,11,83,2011
81,Michael Hussey,PWI,Chidambaram,2011-04-25,42,1,6,61,2011
82,Sachin Tendulkar,RCB,M. Chinnaswamy Stadium,2011-04-12,42,0,7,55,2011
83,Ryan McLaren,PWI,DY Patil Stadium,2011-04-10,42,1,6,51,2011
84,Sachin Tendulkar,KTK,Wankhede Stadium,2011-04-15,43,3,12,100,2011
85,Johan Botha,DEC,Rajiv Gandhi Intl. Cricket Stadium,2011-04-09,43,1,8,67,2011
86,Srikkanth Anirudha,KKR,Chidambaram,2011-04-08,43,2,6,64,2011
87,Manish Pandey,MI,DY Patil Stadium,2011-05-04,43,3,4,59,2011
88,Gautam Gambhir,PWI,DY Patil Stadium,2011-05-19,43,0,7,54,2011
89,Virat Kohli,DEC,Rajiv Gandhi Intl. Cricket Stadium,2011-04-14,44,3,5,71,2011
90,Jacques Kallis,DEC,Eden Gardens,2011-04-11,44,1,7,53,2011
91,Sachin Tendulkar,KXIP,Wankhede Stadium,2011-05-02,44,1,3,51,2011
92,David Warner,DEC,Feroz Shah Kotla Ground,2011-04-19,44,1,5,51,2011
93,Jacques Kallis,RR,Sawai Mansingh Stadium,2011-04-15,46,2,7,80,2011
94,Subramaniam Badrinath,KXIP,IS Bindra Stadium,2011-04-13,46,0,8,66,2011
95,Tillakaratne Dilshan,MI,M. Chinnaswamy Stadium,2011-04-12,49,2,4,59,2011
1,Robin Uthappa,KXIP,M. Chinnaswamy Stadium,2010-03-16,19,4,4,51,2010
2,Yusuf Pathan,MI,Brabourne Stadium,2010-03-13,21,8,9,100,2010
3,Virender Sehwag,RR,Sardar Patel Stadium,2010-03-15,21,5,8,75,2010
4,Shane Watson,CSK,Chidambaram,2010-04-03,21,5,5,60,2010
5,Virender Sehwag,CSK,Feroz Shah Kotla Ground,2010-03-19,22,3,10,74,2010
6,Robin Uthappa,KKR,M. Chinnaswamy Stadium,2010-04-10,22,4,4,50,2010
7,Yusuf Pathan,DEC,Sardar Patel Stadium,2010-03-26,23,8,2,73,2010
8,Sachin Tendulkar,DC,Feroz Shah Kotla Ground,2010-03-17,23,0,11,63,2010
9,Matthew Hayden,DC,Feroz Shah Kotla Ground,2010-03-19,24,7,9,93,2010
10,Suresh Raina,KKR,Chidambaram,2010-04-13,24,3,11,78,2010
11,Kevin Pietersen,RR,Sawai Mansingh Stadium,2010-04-14,24,2,10,62,2010
12,Suresh Raina,MI,DY Patil Stadium,2010-04-25,24,3,3,57,2010
13,Andrew Symonds,RCB,M. Chinnaswamy Stadium,2010-04-08,24,3,5,53,2010
14,Irfan Pathan,DEC,Barabati Stadium,2010-03-19,25,5,3,60,2010
15,David Warner,DEC,Barabati Stadium,2010-03-21,25,4,4,57,2010
16,Mahela Jayawardene,KKR,Eden Gardens,2010-04-04,26,3,14,110,2010
17,Albie Morkel,RR,Chidambaram,2010-04-03,26,5,3,62,2010
18,Andrew Symonds,DC,Feroz Shah Kotla Ground,2010-04-18,26,5,3,54,2010
19,Michael Lumb,KXIP,Sawai Mansingh Stadium,2010-04-07,28,2,16,83,2010
20,MS Dhoni,KKR,Eden Gardens,2010-03-16,28,3,6,66,2010
21,Ambati Rayudu,DEC,Brabourne Stadium,2010-04-03,28,2,6,55,2010
22,Manoj Tiwary,RCB,Eden Gardens,2010-03-14,28,2,6,50,2010
23,David Warner,KKR,Feroz Shah Kotla Ground,2010-03-29,29,5,9,107,2010
24,Murali Vijay,RCB,Chidambaram,2010-03-31,29,6,4,78,2010
25,Shane Watson,DEC,Vidarbha Cricket Association Stadium,2010-04-05,29,3,3,58,2010
26,MS Dhoni,KXIP,HPCA Stadium,2010-04-18,29,2,5,54,2010
27,Kedar Jadhav,RCB,M. Chinnaswamy Stadium,2010-03-25,29,2,5,50,2010
28,Murali Vijay,RR,Chidambaram,2010-04-03,30,11,8,127,2010
29,Naman Ojha,CSK,Chidambaram,2010-04-03,30,6,8,94,2010
30,Chris Gayle,KXIP,Eden Gardens,2010-04-04,30,8,6,88,2010
31,Dinesh Karthik,RR,Feroz Shah Kotla Ground,2010-03-31,30,4,6,69,2010
32,Ambati Rayudu,RR,Brabourne Stadium,2010-03-13,30,2,6,55,2010
33,Adam Gilchrist,KKR,DY Patil Stadium,2010-03-12,30,3,3,54,2010
34,Saurabh Tiwary,RR,Brabourne Stadium,2010-03-13,30,2,4,53,2010
35,Rohit Sharma,KXIP,HPCA Stadium,2010-04-16,31,3,6,68,2010
36,Saurabh Tiwary,DC,Feroz Shah Kotla Ground,2010-03-17,31,3,4,61,2010
37,Virat Kohli,DEC,M. Chinnaswamy Stadium,2010-04-08,31,4,4,58,2010
38,Shikhar Dhawan,CSK,Brabourne Stadium,2010-03-25,31,3,5,56,2010
39,Saurabh Tiwary,RCB,DY Patil Stadium,2010-04-21,31,4,3,52,2010
40,Suresh Raina,MI,Brabourne Stadium,2010-03-25,32,3,7,83,2010
41,Naman Ojha,CSK,Sardar Patel Stadium,2010-03-28,32,5,6,80,2010
42,Rohit Sharma,RR,Vidarbha Cricket Association Stadium,2010-04-05,33,2,8,73,2010
43,Robin Uthappa,CSK,M. Chinnaswamy Stadium,2010-03-23,33,6,3,68,2010
44,Rahul Dravid,KKR,M. Chinnaswamy Stadium,2010-04-10,33,2,5,52,2010
45,Virender Sehwag,KKR,Eden Gardens,2010-04-07,34,3,6,64,2010
46,Andrew Symonds,KXIP,Barabati Stadium,2010-03-19,34,3,3,53,2010
47,Sachin Tendulkar,KKR,Brabourne Stadium,2010-03-22,35,0,10,71,2010
48,Jacques Kallis,DEC,M. Chinnaswamy Stadium,2010-04-08,35,1,9,68,2010
49,Subramaniam Badrinath,KXIP,HPCA Stadium,2010-04-18,35,2,7,53,2010
50,Manvinder Bisla,RCB,M. Chinnaswamy Stadium,2010-03-16,36,4,7,75,2010
51,Kumar Sangakkara,DEC,HPCA Stadium,2010-04-16,36,1,9,52,2010
52,Manoj Tiwary,KXIP,IS Bindra Stadium,2010-03-27,37,2,8,75,2010
53,Paul Collingwood,RCB,Feroz Shah Kotla Ground,2010-04-04,37,7,3,75,2010
54,Kevin Pietersen,KXIP,IS Bindra Stadium,2010-04-02,37,1,7,66,2010
55,Tirumalasetti Suman,CSK,Vidarbha Cricket Association Stadium,2010-04-10,37,2,4,55,2010
56,Shikhar Dhawan,KXIP,Brabourne Stadium,2010-03-30,37,0,6,50,2010
57,Sourav Ganguly,KXIP,IS Bindra Stadium,2010-03-27,37,1,6,50,2010
58,Angelo Mathews,DEC,DY Patil Stadium,2010-03-12,38,4,5,65,2010
59,Jacques Kallis,DC,Feroz Shah Kotla Ground,2010-04-04,38,1,5,54,2010
60,Suresh Raina,DEC,Vidarbha Cricket Association Stadium,2010-04-10,38,2,4,52,2010
61,Paul Collingwood,DEC,Feroz Shah Kotla Ground,2010-04-18,38,3,1,51,2010
62,Sourav Ganguly,DEC,Eden Gardens,2010-04-01,39,5,9,88,2010
63,Sourav Ganguly,RR,Eden Gardens,2010-04-17,39,2,11,75,2010
64,Kumar Sangakkara,MI,IS Bindra Stadium,2010-04-09,39,1,6,56,2010
65,Gautam Gambhir,KXIP,IS Bindra Stadium,2010-03-13,40,1,9,72,2010
66,Sachin Tendulkar,CSK,Brabourne Stadium,2010-03-25,40,1,8,72,2010
67,Murali Vijay,KKR,Chidambaram,2010-04-13,40,2,4,50,2010
68,Shaun Marsh,CSK,HPCA Stadium,2010-04-18,41,5,8,88,2010
69,Ravi Bopara,DC,IS Bindra Stadium,2010-03-13,41,1,7,56,2010
70,Sachin Tendulkar,DEC,DY Patil Stadium,2010-03-28,41,0,9,55,2010
71,Subramaniam Badrinath,MI,Brabourne Stadium,2010-03-25,41,0,6,55,2010
72,Jacques Kallis,CSK,Chidambaram,2010-03-31,41,0,7,52,2010
73,Jacques Kallis,KXIP,M. Chinnaswamy Stadium,2010-03-16,42,5,8,89,2010
74,Ravi Bopara,RCB,M. Chinnaswamy Stadium,2010-03-16,42,2,9,77,2010
75,Shaun Marsh,MI,Brabourne Stadium,2010-03-30,42,1,6,57,2010
76,Sourav Ganguly,DC,Eden Gardens,2010-04-07,42,1,8,56,2010
77,Tirumalasetti Suman,RCB,M. Chinnaswamy Stadium,2010-04-08,43,3,6,78,2010
78,Jacques Kallis,MI,Brabourne Stadium,2010-03-20,43,0,10,66,2010
79,Owais Shah,DEC,DY Patil Stadium,2010-03-12,43,3,3,58,2010
80,Paul Collingwood,KKR,Feroz Shah Kotla Ground,2010-03-29,43,2,3,53,2010
81,Andrew Symonds,CSK,Chidambaram,2010-03-14,43,3,3,50,2010
82,Herschelle Gibbs,KKR,Eden Gardens,2010-04-01,43,1,5,50,2010
83,Rohit Sharma,RCB,Vidarbha Cricket Association Stadium,2010-04-12,44,0,7,51,2010
84,Brad Hodge,RCB,Eden Gardens,2010-03-14,44,0,7,50,2010
85,Sachin Tendulkar,RR,Sawai Mansingh Stadium,2010-04-11,45,2,10,89,2010
86,Abhishek Jhunjhunwala,DC,Sardar Patel Stadium,2010-03-15,45,1,5,53,2010
87,Chris Gayle,MI,Brabourne Stadium,2010-03-22,47,2,7,75,2010
88,Jacques Kallis,KKR,Eden Gardens,2010-03-14,47,1,7,65,2010
89,Mahela Jayawardene,DEC,HPCA Stadium,2010-04-16,49,2,13,93,2010
90,Gautam Gambhir,CSK,Chidambaram,2010-04-15,51,0,5,57,2010
91,Brendon McCullum,MI,Eden Gardens,2010-04-19,52,0,8,57,2010
92,Parthiv Patel,KXIP,Chidambaram,2010-03-21,53,2,4,57,2010
1,Adam Gilchrist,DC,Supersport Park,2009-05-22,17,5,10,85,2009
2,Brendon McCullum,CSK,Supersport Park,2009-05-18,21,3,11,81,2009
3,Matthew Hayden,RCB,St George's Park,2009-04-20,22,2,9,65,2009
4,Matthew Hayden,DC,Kingsmead,2009-04-23,22,3,5,57,2009
5,Ross Taylor,KKR,Supersport Park,2009-05-12,24,5,7,81,2009
6,Adam Gilchrist,DC,Kingsmead,2009-05-13,24,5,5,64,2009
7,MS Dhoni,KXIP,Supersport Park,2009-05-07,24,2,7,56,2009
8,Simon Katich,CSK,Supersport Park,2009-05-07,24,4,3,50,2009
9,Suresh Raina,RR,Supersport Park,2009-04-30,26,5,10,98,2009
10,Graeme Smith,KXIP,Kingsmead,2009-05-05,26,1,12,77,2009
11,Yusuf Pathan,DC,Supersport Park,2009-04-28,26,6,3,62,2009
12,Sanath Jayasuriya,KKR,St George's Park,2009-04-27,26,4,2,52,2009
13,Andrew Symonds,KXIP,De Beers Diamond Oval,2009-05-09,28,4,2,60,2009
14,Yuvraj Singh,CSK,Supersport Park,2009-05-07,28,2,5,58,2009
15,Rohit Sharma,RCB,Newlands,2009-04-22,28,5,1,52,2009
16,Adam Gilchrist,RCB,Newlands,2009-04-22,31,5,6,71,2009
17,Virat Kohli,DEC,Newlands,2009-04-22,31,0,7,50,2009
18,Herschelle Gibbs,RCB,Supersport Park,2009-05-21,32,4,3,60,2009
19,Yuvraj Singh,RCB,Kingsmead,2009-05-01,33,4,3,50,2009
20,Sachin Tendulkar,KKR,St George's Park,2009-04-27,34,4,6,68,2009
21,Matthew Hayden,RCB,Kingsmead,2009-05-14,34,3,5,60,2009
22,Brad Hodge,CSK,Supersport Park,2009-05-18,35,4,4,71,2009
23,Dwayne Bravo,KXIP,Supersport Park,2009-05-12,35,3,7,70,2009
24,MS Dhoni,DEC,Buffalo Park,2009-05-04,35,1,6,58,2009
25,Suresh Raina,KKR,Supersport Park,2009-05-18,35,3,3,52,2009
26,Manish Pandey,DEC,Supersport Park,2009-05-21,36,4,10,114,2009
27,Brad Hodge,KXIP,St George's Park,2009-05-03,36,1,10,70,2009
28,Robin Uthappa,MI,New Wanderers Stadium,2009-05-03,36,2,8,66,2009
29,JP Duminy,RCB,St George's Park,2009-05-10,37,3,2,59,2009
30,Ajinkya Rahane,DC,Supersport Park,2009-05-21,37,2,5,56,2009
31,JP Duminy,KKR,Buffalo Park,2009-05-01,37,4,1,52,2009
32,Rob Quiney,MI,Kingsmead,2009-05-14,37,2,5,51,2009
33,Jacques Kallis,KXIP,Kingsmead,2009-04-24,38,2,5,62,2009
34,Subramaniam Badrinath,RR,De Beers Diamond Oval,2009-05-09,38,1,9,59,2009
35,Herschelle Gibbs,MI,Kingsmead,2009-04-25,38,2,6,58,2009
36,Kumar Sangakkara,DEC,New Wanderers Stadium,2009-05-17,38,1,4,56,2009
37,Naman Ojha,RCB,Supersport Park,2009-05-07,38,3,3,52,2009
38,Jacques Kallis,MI,New Wanderers Stadium,2009-05-03,39,2,5,69,2009
39,Mahela Jayawardene,KKR,St George's Park,2009-05-03,39,0,7,52,2009
40,Sanath Jayasuriya,RCB,New Wanderers Stadium,2009-05-03,39,1,6,52,2009
41,Dwayne Bravo,RCB,New Wanderers Stadium,2009-05-03,40,2,1,50,2009
42,Naman Ojha,KXIP,Kingsmead,2009-05-05,41,5,5,68,2009
43,Rahul Dravid,RR,Newlands,2009-04-18,42,1,8,66,2009
44,Ajinkya Rahane,RCB,St George's Park,2009-05-10,43,1,4,62,2009
45,Matthew Hayden,KXIP,Supersport Park,2009-05-07,44,6,8,89,2009
46,Brad Hodge,MI,Buffalo Park,2009-05-01,44,3,5,73,2009
47,Sachin Tendulkar,CSK,Newlands,2009-04-18,45,0,7,59,2009
48,JP Duminy,DEC,Supersport Park,2009-05-06,45,0,7,52,2009
49,Ravi Bopara,RCB,Kingsmead,2009-04-24,46,5,4,84,2009
50,Herschelle Gibbs,CSK,Kingsmead,2009-04-27,46,2,6,69,2009
51,JP Duminy,CSK,St George's Park,2009-05-16,46,2,4,62,2009
52,Kumar Sangakkara,RR,Newlands,2009-04-26,47,1,7,60,2009
53,Herschelle Gibbs,RCB,New Wanderers Stadium,2009-05-24,47,2,3,53,2009
54,Brendon McCullum,RCB,Supersport Park,2009-05-12,48,2,10,84,2009
55,Matthew Hayden,MI,St George's Park,2009-05-16,51,1,4,60,2009
56,Jacques Kallis,DC,New Wanderers Stadium,2009-05-19,51,2,2,58,2009
57,JP Duminy,KXIP,Kingsmead,2009-04-29,55,0,4,59,2009
1,Yusuf Pathan,DEC,Rajiv Gandhi Intl. Cricket Stadium,2008-04-24,21,6,4,61,2008
2,Kumar Sangakkara,MI,IS Bindra Stadium,2008-04-25,23,1,13,94,2008
3,Virender Sehwag,KXIP,Feroz Shah Kotla Ground,2008-05-17,23,5,2,51,2008
4,Kumar Sangakkara,DEC,IS Bindra Stadium,2008-05-23,23,2,7,50,2008
5,Virender Sehwag,CSK,Chidambaram,2008-05-02,24,4,7,71,2008
6,James Hopes,CSK,IS Bindra Stadium,2008-04-19,24,3,10,71,2008
7,MS Dhoni,RCB,M. Chinnaswamy Stadium,2008-04-28,24,3,9,65,2008
8,David Hussey,DEC,Rajiv Gandhi Intl. Cricket Stadium,2008-05-11,24,3,4,57,2008
9,Sanath Jayasuriya,CSK,Wankhede Stadium,2008-05-14,25,11,9,114,2008
10,Rahul Dravid,RR,Sawai Mansingh Stadium,2008-05-17,25,6,6,75,2008
11,Albie Morkel,RR,Chidambaram,2008-05-24,26,4,6,71,2008
12,Kamran Akmal,CSK,Chidambaram,2008-05-24,26,3,4,53,2008
13,Rohit Sharma,KXIP,IS Bindra Stadium,2008-05-23,26,4,3,50,2008
14,Shaun Marsh,RR,IS Bindra Stadium,2008-05-28,27,7,11,115,2008
15,Virender Sehwag,DEC,Rajiv Gandhi Intl. Cricket Stadium,2008-04-22,27,6,10,94,2008
16,Dinesh Karthik,MI,Feroz Shah Kotla Ground,2008-05-24,27,3,4,56,2008
17,Adam Gilchrist,MI,DY Patil Stadium,2008-04-27,28,10,9,109,2008
18,Venugopal Rao,KKR,Rajiv Gandhi Intl. Cricket Stadium,2008-05-11,28,6,4,71,2008
19,Yusuf Pathan,DEC,Sawai Mansingh Stadium,2008-05-09,28,2,9,68,2008
20,Wriddhiman Saha,KXIP,IS Bindra Stadium,2008-05-03,28,4,2,59,2008
21,Shane Watson,DC,Wankhede Stadium,2008-05-30,28,3,4,52,2008
22,Andrew Symonds,RR,Rajiv Gandhi Intl. Cricket Stadium,2008-04-24,29,7,11,117,2008
23,Graeme Smith,CSK,Chidambaram,2008-05-24,29,4,9,91,2008
24,Swapnil Asnodkar,KKR,Sawai Mansingh Stadium,2008-05-01,29,1,10,60,2008
25,Yuvraj Singh,RR,Sawai Mansingh Stadium,2008-04-21,29,3,6,57,2008
26,Yusuf Pathan,KKR,Sawai Mansingh Stadium,2008-05-01,29,2,6,55,2008
27,Kumar Sangakkara,CSK,IS Bindra Stadium,2008-04-19,29,2,5,54,2008
28,Ross Taylor,CSK,M. Chinnaswamy Stadium,2008-04-28,30,3,3,53,2008
29,James Hopes,RR,IS Bindra Stadium,2008-05-28,30,1,7,51,2008
30,Michael Hussey,KXIP,IS Bindra Stadium,2008-04-19,31,9,8,116,2008
31,Sanath Jayasuriya,DC,Feroz Shah Kotla Ground,2008-05-24,31,5,7,70,2008
32,Rohit Sharma,DC,Rajiv Gandhi Intl. Cricket Stadium,2008-04-22,31,4,6,66,2008
33,Vidyut Sivaramakrishnan,DC,Chidambaram,2008-05-02,31,1,7,54,2008
34,Brendon McCullum,RCB,M. Chinnaswamy Stadium,2008-04-18,32,13,10,158,2008
35,Simon Katich,DC,IS Bindra Stadium,2008-04-27,32,1,11,75,2008
36,Shane Watson,DC,Sawai Mansingh Stadium,2008-05-11,32,5,5,74,2008
37,Venugopal Rao,MI,Rajiv Gandhi Intl. Cricket Stadium,2008-05-18,32,3,4,57,2008
38,Suresh Raina,KXIP,Wankhede Stadium,2008-05-31,32,4,4,55,2008
39,Subramaniam Badrinath,MI,Wankhede Stadium,2008-05-14,32,2,7,53,2008
40,Wasim Jaffer,CSK,M. Chinnaswamy Stadium,2008-04-28,32,2,5,50,2008
41,Shikhar Dhawan,RCB,Feroz Shah Kotla Ground,2008-04-30,32,3,4,50,2008
42,Matthew Hayden,MI,Chidambaram,2008-04-23,33,2,12,81,2008
43,Shaun Marsh,CSK,Chidambaram,2008-05-10,33,4,3,58,2008
44,Suresh Raina,MI,Chidambaram,2008-04-23,33,3,3,53,2008
45,Gautam Gambhir,DEC,Feroz Shah Kotla Ground,2008-05-15,34,3,7,79,2008
46,Rohit Sharma,KXIP,Rajiv Gandhi Intl. Cricket Stadium,2008-05-01,34,2,10,76,2008
47,Graeme Smith,RCB,Sawai Mansingh Stadium,2008-05-17,34,2,8,75,2008
48,Graeme Smith,DEC,Rajiv Gandhi Intl. Cricket Stadium,2008-04-24,34,2,9,71,2008
49,Shane Watson,RCB,M. Chinnaswamy Stadium,2008-04-26,34,2,8,61,2008
50,Parthiv Patel,RR,Chidambaram,2008-05-24,34,2,5,54,2008
51,Sanath Jayasuriya,RCB,M. Chinnaswamy Stadium,2008-05-28,34,4,4,54,2008
52,Adam Gilchrist,CSK,Chidambaram,2008-05-06,34,2,7,54,2008
53,Shaun Marsh,DEC,Rajiv Gandhi Intl. Cricket Stadium,2008-05-01,35,1,11,84,2008
54,Shaun Marsh,MI,Wankhede Stadium,2008-05-21,35,4,7,81,2008
55,Gautam Gambhir,CSK,Feroz Shah Kotla Ground,2008-05-08,35,1,11,80,2008
56,Shane Watson,KXIP,Sawai Mansingh Stadium,2008-04-21,35,5,5,76,2008
57,Shaun Marsh,RCB,IS Bindra Stadium,2008-05-12,35,2,9,74,2008
58,Niraj Patel,KXIP,IS Bindra Stadium,2008-05-28,35,0,10,57,2008
59,Gautam Gambhir,CSK,Chidambaram,2008-05-02,35,1,5,50,2008
60,Gautam Gambhir,RCB,Feroz Shah Kotla Ground,2008-04-30,36,1,11,86,2008
61,Yusuf Pathan,CSK,DY Patil Stadium,2008-06-01,36,4,3,56,2008
62,Shikhar Dhawan,DEC,Feroz Shah Kotla Ground,2008-05-15,37,0,8,68,2008
63,Subramaniam Badrinath,KXIP,Chidambaram,2008-05-10,37,3,6,64,2008
64,Kumar Sangakkara,KKR,Eden Gardens,2008-05-25,37,2,7,64,2008
65,Adam Gilchrist,RR,Sawai Mansingh Stadium,2008-05-09,37,1,9,61,2008
66,MS Dhoni,KXIP,Chidambaram,2008-05-10,37,4,2,60,2008
67,Gautam Gambhir,RR,Feroz Shah Kotla Ground,2008-04-19,37,1,7,58,2008
68,Sourav Ganguly,RR,Sawai Mansingh Stadium,2008-05-01,37,2,4,51,2008
69,Luke Pomersbach,MI,Wankhede Stadium,2008-05-21,38,3,10,79,2008
70,David Hussey,KXIP,IS Bindra Stadium,2008-05-03,38,4,4,71,2008
71,Sachin Tendulkar,KXIP,Wankhede Stadium,2008-05-21,38,0,12,65,2008
72,Matthew Hayden,KKR,Chidambaram,2008-04-26,39,3,6,70,2008
73,Rohit Sharma,RCB,M. Chinnaswamy Stadium,2008-05-03,39,3,5,57,2008
74,Shreevats Goswami,DC,M. Chinnaswamy Stadium,2008-05-19,39,1,7,52,2008
75,VVS Laxman,RCB,M. Chinnaswamy Stadium,2008-05-03,39,0,7,52,2008
76,Sourav Ganguly,DEC,Rajiv Gandhi Intl. Cricket Stadium,2008-05-11,40,5,11,91,2008
77,Shaun Marsh,DEC,IS Bindra Stadium,2008-05-23,40,3,3,60,2008
78,Shikhar Dhawan,CSK,Feroz Shah Kotla Ground,2008-05-08,40,2,6,59,2008
79,Jacques Kallis,DC,Feroz Shah Kotla Ground,2008-04-30,40,1,6,54,2008
80,Mark Boucher,KKR,Eden Gardens,2008-05-08,40,1,5,50,2008
81,Adam Gilchrist,KXIP,IS Bindra Stadium,2008-05-23,40,1,6,50,2008
82,Sourav Ganguly,KXIP,Eden Gardens,2008-05-25,41,6,6,86,2008
83,Shikhar Dhawan,RR,Feroz Shah Kotla Ground,2008-04-19,41,0,8,52,2008
84,Dwayne Bravo,KKR,Eden Gardens,2008-04-29,42,1,8,64,2008
85,Swapnil Asnodkar,RCB,Sawai Mansingh Stadium,2008-05-17,42,1,7,50,2008
86,Suresh Raina,DEC,Rajiv Gandhi Intl. Cricket Stadium,2008-05-27,43,2,5,54,2008
87,Salman Butt,CSK,Eden Gardens,2008-05-18,44,1,10,73,2008
88,Rahul Dravid,KXIP,M. Chinnaswamy Stadium,2008-05-05,44,1,9,66,2008
89,Parthiv Patel,KXIP,Wankhede Stadium,2008-05-31,47,0,8,51,2008
